Date,Year,Month Number,Month Name,Month Short,Month Year,Week,Day of Week,Season
2025-10-01,2025,10,October,Oct,Oct 2025,40,Wednesday,2025-26
2025-10-02,2025,10,October,Oct,Oct 2025,40,Thursday,2025-26
2025-10-03,2025,10,October,Oct,Oct 2025,40,Friday,2025-26
2025-10-04,2025,10,October,Oct,Oct 2025,40,Saturday,2025-26
2025-10-05,2025,10,October,Oct,Oct 2025,40,Sunday,2025-26
2025-10-06,2025,10,October,Oct,Oct 2025,41,Monday,2025-26
2025-10-07,2025,10,October,Oct,Oct 2025,41,Tuesday,2025-26
2025-10-08,2025,10,October,Oct,Oct 2025,41,Wednesday,2025-26
2025-10-09,2025,10,October,Oct,Oct 2025,41,Thursday,2025-26
2025-10-10,2025,10,October,Oct,Oct 2025,41,Friday,2025-26
2025-10-11,2025,10,October,Oct,Oct 2025,41,Saturday,2025-26
2025-10-12,2025,10,October,Oct,Oct 2025,41,Sunday,2025-26
2025-10-13,2025,10,October,Oct,Oct 2025,42,Monday,2025-26
2025-10-14,2025,10,October,Oct,Oct 2025,42,Tuesday,2025-26
2025-10-15,2025,10,October,Oct,Oct 2025,42,Wednesday,2025-26
2025-10-16,2025,10,October,Oct,Oct 2025,42,Thursday,2025-26
2025-10-17,2025,10,October,Oct,Oct 2025,42,Friday,2025-26
2025-10-18,2025,10,October,Oct,Oct 2025,42,Saturday,2025-26
2025-10-19,2025,10,October,Oct,Oct 2025,42,Sunday,2025-26
2025-10-20,2025,10,October,Oct,Oct 2025,43,Monday,2025-26
2025-10-21,2025,10,October,Oct,Oct 2025,43,Tuesday,2025-26
2025-10-22,2025,10,October,Oct,Oct 2025,43,Wednesday,2025-26
2025-10-23,2025,10,October,Oct,Oct 2025,43,Thursday,2025-26
2025-10-24,2025,10,October,Oct,Oct 2025,43,Friday,2025-26
2025-10-25,2025,10,October,Oct,Oct 2025,43,Saturday,2025-26
2025-10-26,2025,10,October,Oct,Oct 2025,43,Sunday,2025-26
2025-10-27,2025,10,October,Oct,Oct 2025,44,Monday,2025-26
2025-10-28,2025,10,October,Oct,Oct 2025,44,Tuesday,2025-26
2025-10-29,2025,10,October,Oct,Oct 2025,44,Wednesday,2025-26
2025-10-30,2025,10,October,Oct,Oct 2025,44,Thursday,2025-26
2025-10-31,2025,10,October,Oct,Oct 2025,44,Friday,2025-26
2025-11-01,2025,11,November,Nov,Nov 2025,44,Saturday,2025-26
2025-11-02,2025,11,November,Nov,Nov 2025,44,Sunday,2025-26
2025-11-03,2025,11,November,Nov,Nov 2025,45,Monday,2025-26
2025-11-04,2025,11,November,Nov,Nov 2025,45,Tuesday,2025-26
2025-11-05,2025,11,November,Nov,Nov 2025,45,Wednesday,2025-26
2025-11-06,2025,11,November,Nov,Nov 2025,45,Thursday,2025-26
2025-11-07,2025,11,November,Nov,Nov 2025,45,Friday,2025-26
2025-11-08,2025,11,November,Nov,Nov 2025,45,Saturday,2025-26
2025-11-09,2025,11,November,Nov,Nov 2025,45,Sunday,2025-26
2025-11-10,2025,11,November,Nov,Nov 2025,46,Monday,2025-26
2025-11-11,2025,11,November,Nov,Nov 2025,46,Tuesday,2025-26
2025-11-12,2025,11,November,Nov,Nov 2025,46,Wednesday,2025-26
2025-11-13,2025,11,November,Nov,Nov 2025,46,Thursday,2025-26
2025-11-14,2025,11,November,Nov,Nov 2025,46,Friday,2025-26
2025-11-15,2025,11,November,Nov,Nov 2025,46,Saturday,2025-26
2025-11-16,2025,11,November,Nov,Nov 2025,46,Sunday,2025-26
2025-11-17,2025,11,November,Nov,Nov 2025,47,Monday,2025-26
2025-11-18,2025,11,November,Nov,Nov 2025,47,Tuesday,2025-26
2025-11-19,2025,11,November,Nov,Nov 2025,47,Wednesday,2025-26
2025-11-20,2025,11,November,Nov,Nov 2025,47,Thursday,2025-26
2025-11-21,2025,11,November,Nov,Nov 2025,47,Friday,2025-26
2025-11-22,2025,11,November,Nov,Nov 2025,47,Saturday,2025-26
2025-11-23,2025,11,November,Nov,Nov 2025,47,Sunday,2025-26
2025-11-24,2025,11,November,Nov,Nov 2025,48,Monday,2025-26
2025-11-25,2025,11,November,Nov,Nov 2025,48,Tuesday,2025-26
2025-11-26,2025,11,November,Nov,Nov 2025,48,Wednesday,2025-26
2025-11-27,2025,11,November,Nov,Nov 2025,48,Thursday,2025-26
2025-11-28,2025,11,November,Nov,Nov 2025,48,Friday,2025-26
2025-11-29,2025,11,November,Nov,Nov 2025,48,Saturday,2025-26
2025-11-30,2025,11,November,Nov,Nov 2025,48,Sunday,2025-26
2025-12-01,2025,12,December,Dec,Dec 2025,49,Monday,2025-26
2025-12-02,2025,12,December,Dec,Dec 2025,49,Tuesday,2025-26
2025-12-03,2025,12,December,Dec,Dec 2025,49,Wednesday,2025-26
2025-12-04,2025,12,December,Dec,Dec 2025,49,Thursday,2025-26
2025-12-05,2025,12,December,Dec,Dec 2025,49,Friday,2025-26
2025-12-06,2025,12,December,Dec,Dec 2025,49,Saturday,2025-26
2025-12-07,2025,12,December,Dec,Dec 2025,49,Sunday,2025-26
2025-12-08,2025,12,December,Dec,Dec 2025,50,Monday,2025-26
2025-12-09,2025,12,December,Dec,Dec 2025,50,Tuesday,2025-26
2025-12-10,2025,12,December,Dec,Dec 2025,50,Wednesday,2025-26
2025-12-11,2025,12,December,Dec,Dec 2025,50,Thursday,2025-26
2025-12-12,2025,12,December,Dec,Dec 2025,50,Friday,2025-26
2025-12-13,2025,12,December,Dec,Dec 2025,50,Saturday,2025-26
2025-12-14,2025,12,December,Dec,Dec 2025,50,Sunday,2025-26
2025-12-15,2025,12,December,Dec,Dec 2025,51,Monday,2025-26
2025-12-16,2025,12,December,Dec,Dec 2025,51,Tuesday,2025-26
2025-12-17,2025,12,December,Dec,Dec 2025,51,Wednesday,2025-26
2025-12-18,2025,12,December,Dec,Dec 2025,51,Thursday,2025-26
2025-12-19,2025,12,December,Dec,Dec 2025,51,Friday,2025-26
2025-12-20,2025,12,December,Dec,Dec 2025,51,Saturday,2025-26
2025-12-21,2025,12,December,Dec,Dec 2025,51,Sunday,2025-26
2025-12-22,2025,12,December,Dec,Dec 2025,52,Monday,2025-26
2025-12-23,2025,12,December,Dec,Dec 2025,52,Tuesday,2025-26
2025-12-24,2025,12,December,Dec,Dec 2025,52,Wednesday,2025-26
2025-12-25,2025,12,December,Dec,Dec 2025,52,Thursday,2025-26
2025-12-26,2025,12,December,Dec,Dec 2025,52,Friday,2025-26
2025-12-27,2025,12,December,Dec,Dec 2025,52,Saturday,2025-26
2025-12-28,2025,12,December,Dec,Dec 2025,52,Sunday,2025-26
2025-12-29,2025,12,December,Dec,Dec 2025,1,Monday,2025-26
2025-12-30,2025,12,December,Dec,Dec 2025,1,Tuesday,2025-26
2025-12-31,2025,12,December,Dec,Dec 2025,1,Wednesday,2025-26
2026-01-01,2026,1,January,Jan,Jan 2026,1,Thursday,2025-26
2026-01-02,2026,1,January,Jan,Jan 2026,1,Friday,2025-26
2026-01-03,2026,1,January,Jan,Jan 2026,1,Saturday,2025-26
2026-01-04,2026,1,January,Jan,Jan 2026,1,Sunday,2025-26
2026-01-05,2026,1,January,Jan,Jan 2026,2,Monday,2025-26
2026-01-06,2026,1,January,Jan,Jan 2026,2,Tuesday,2025-26
2026-01-07,2026,1,January,Jan,Jan 2026,2,Wednesday,2025-26
2026-01-08,2026,1,January,Jan,Jan 2026,2,Thursday,2025-26
2026-01-09,2026,1,January,Jan,Jan 2026,2,Friday,2025-26
2026-01-10,2026,1,January,Jan,Jan 2026,2,Saturday,2025-26
2026-01-11,2026,1,January,Jan,Jan 2026,2,Sunday,2025-26
2026-01-12,2026,1,January,Jan,Jan 2026,3,Monday,2025-26
2026-01-13,2026,1,January,Jan,Jan 2026,3,Tuesday,2025-26
2026-01-14,2026,1,January,Jan,Jan 2026,3,Wednesday,2025-26
2026-01-15,2026,1,January,Jan,Jan 2026,3,Thursday,2025-26
2026-01-16,2026,1,January,Jan,Jan 2026,3,Friday,2025-26
2026-01-17,2026,1,January,Jan,Jan 2026,3,Saturday,2025-26
2026-01-18,2026,1,January,Jan,Jan 2026,3,Sunday,2025-26
2026-01-19,2026,1,January,Jan,Jan 2026,4,Monday,2025-26
2026-01-20,2026,1,January,Jan,Jan 2026,4,Tuesday,2025-26
2026-01-21,2026,1,January,Jan,Jan 2026,4,Wednesday,2025-26
2026-01-22,2026,1,January,Jan,Jan 2026,4,Thursday,2025-26
2026-01-23,2026,1,January,Jan,Jan 2026,4,Friday,2025-26
2026-01-24,2026,1,January,Jan,Jan 2026,4,Saturday,2025-26
2026-01-25,2026,1,January,Jan,Jan 2026,4,Sunday,2025-26
2026-01-26,2026,1,January,Jan,Jan 2026,5,Monday,2025-26
2026-01-27,2026,1,January,Jan,Jan 2026,5,Tuesday,2025-26
2026-01-28,2026,1,January,Jan,Jan 2026,5,Wednesday,2025-26
2026-01-29,2026,1,January,Jan,Jan 2026,5,Thursday,2025-26
2026-01-30,2026,1,January,Jan,Jan 2026,5,Friday,2025-26
2026-01-31,2026,1,January,Jan,Jan 2026,5,Saturday,2025-26
2026-02-01,2026,2,February,Feb,Feb 2026,5,Sunday,2025-26
2026-02-02,2026,2,February,Feb,Feb 2026,6,Monday,2025-26
2026-02-03,2026,2,February,Feb,Feb 2026,6,Tuesday,2025-26
2026-02-04,2026,2,February,Feb,Feb 2026,6,Wednesday,2025-26
2026-02-05,2026,2,February,Feb,Feb 2026,6,Thursday,2025-26
2026-02-06,2026,2,February,Feb,Feb 2026,6,Friday,2025-26
2026-02-07,2026,2,February,Feb,Feb 2026,6,Saturday,2025-26
2026-02-08,2026,2,February,Feb,Feb 2026,6,Sunday,2025-26
2026-02-09,2026,2,February,Feb,Feb 2026,7,Monday,2025-26
2026-02-10,2026,2,February,Feb,Feb 2026,7,Tuesday,2025-26
2026-02-11,2026,2,February,Feb,Feb 2026,7,Wednesday,2025-26
2026-02-12,2026,2,February,Feb,Feb 2026,7,Thursday,2025-26
2026-02-13,2026,2,February,Feb,Feb 2026,7,Friday,2025-26
2026-02-14,2026,2,February,Feb,Feb 2026,7,Saturday,2025-26
2026-02-15,2026,2,February,Feb,Feb 2026,7,Sunday,2025-26
2026-02-16,2026,2,February,Feb,Feb 2026,8,Monday,2025-26
2026-02-17,2026,2,February,Feb,Feb 2026,8,Tuesday,2025-26
2026-02-18,2026,2,February,Feb,Feb 2026,8,Wednesday,2025-26
2026-02-19,2026,2,February,Feb,Feb 2026,8,Thursday,2025-26
2026-02-20,2026,2,February,Feb,Feb 2026,8,Friday,2025-26
2026-02-21,2026,2,February,Feb,Feb 2026,8,Saturday,2025-26
2026-02-22,2026,2,February,Feb,Feb 2026,8,Sunday,2025-26
2026-02-23,2026,2,February,Feb,Feb 2026,9,Monday,2025-26
2026-02-24,2026,2,February,Feb,Feb 2026,9,Tuesday,2025-26
2026-02-25,2026,2,February,Feb,Feb 2026,9,Wednesday,2025-26
2026-02-26,2026,2,February,Feb,Feb 2026,9,Thursday,2025-26
2026-02-27,2026,2,February,Feb,Feb 2026,9,Friday,2025-26
2026-02-28,2026,2,February,Feb,Feb 2026,9,Saturday,2025-26
2026-03-01,2026,3,March,Mar,Mar 2026,9,Sunday,2025-26
2026-03-02,2026,3,March,Mar,Mar 2026,10,Monday,2025-26
2026-03-03,2026,3,March,Mar,Mar 2026,10,Tuesday,2025-26
2026-03-04,2026,3,March,Mar,Mar 2026,10,Wednesday,2025-26
2026-03-05,2026,3,March,Mar,Mar 2026,10,Thursday,2025-26
2026-03-06,2026,3,March,Mar,Mar 2026,10,Friday,2025-26
2026-03-07,2026,3,March,Mar,Mar 2026,10,Saturday,2025-26
2026-03-08,2026,3,March,Mar,Mar 2026,10,Sunday,2025-26
2026-03-09,2026,3,March,Mar,Mar 2026,11,Monday,2025-26
2026-03-10,2026,3,March,Mar,Mar 2026,11,Tuesday,2025-26
2026-03-11,2026,3,March,Mar,Mar 2026,11,Wednesday,2025-26
2026-03-12,2026,3,March,Mar,Mar 2026,11,Thursday,2025-26
2026-03-13,2026,3,March,Mar,Mar 2026,11,Friday,2025-26
2026-03-14,2026,3,March,Mar,Mar 2026,11,Saturday,2025-26
2026-03-15,2026,3,March,Mar,Mar 2026,11,Sunday,2025-26
2026-03-16,2026,3,March,Mar,Mar 2026,12,Monday,2025-26
2026-03-17,2026,3,March,Mar,Mar 2026,12,Tuesday,2025-26
2026-03-18,2026,3,March,Mar,Mar 2026,12,Wednesday,2025-26
2026-03-19,2026,3,March,Mar,Mar 2026,12,Thursday,2025-26
2026-03-20,2026,3,March,Mar,Mar 2026,12,Friday,2025-26
2026-03-21,2026,3,March,Mar,Mar 2026,12,Saturday,2025-26
2026-03-22,2026,3,March,Mar,Mar 2026,12,Sunday,2025-26
2026-03-23,2026,3,March,Mar,Mar 2026,13,Monday,2025-26
2026-03-24,2026,3,March,Mar,Mar 2026,13,Tuesday,2025-26
2026-03-25,2026,3,March,Mar,Mar 2026,13,Wednesday,2025-26
2026-03-26,2026,3,March,Mar,Mar 2026,13,Thursday,2025-26
2026-03-27,2026,3,March,Mar,Mar 2026,13,Friday,2025-26
2026-03-28,2026,3,March,Mar,Mar 2026,13,Saturday,2025-26
2026-03-29,2026,3,March,Mar,Mar 2026,13,Sunday,2025-26
2026-03-30,2026,3,March,Mar,Mar 2026,14,Monday,2025-26
2026-03-31,2026,3,March,Mar,Mar 2026,14,Tuesday,2025-26
2026-04-01,2026,4,April,Apr,Apr 2026,14,Wednesday,2025-26
2026-04-02,2026,4,April,Apr,Apr 2026,14,Thursday,2025-26
2026-04-03,2026,4,April,Apr,Apr 2026,14,Friday,2025-26
2026-04-04,2026,4,April,Apr,Apr 2026,14,Saturday,2025-26
2026-04-05,2026,4,April,Apr,Apr 2026,14,Sunday,2025-26
2026-04-06,2026,4,April,Apr,Apr 2026,15,Monday,2025-26
2026-04-07,2026,4,April,Apr,Apr 2026,15,Tuesday,2025-26
2026-04-08,2026,4,April,Apr,Apr 2026,15,Wednesday,2025-26
2026-04-09,2026,4,April,Apr,Apr 2026,15,Thursday,2025-26
2026-04-10,2026,4,April,Apr,Apr 2026,15,Friday,2025-26
2026-04-11,2026,4,April,Apr,Apr 2026,15,Saturday,2025-26
2026-04-12,2026,4,April,Apr,Apr 2026,15,Sunday,2025-26
2026-04-13,2026,4,April,Apr,Apr 2026,16,Monday,2025-26
2026-04-14,2026,4,April,Apr,Apr 2026,16,Tuesday,2025-26
2026-04-15,2026,4,April,Apr,Apr 2026,16,Wednesday,2025-26
2026-04-16,2026,4,April,Apr,Apr 2026,16,Thursday,2025-26
2026-04-17,2026,4,April,Apr,Apr 2026,16,Friday,2025-26
2026-04-18,2026,4,April,Apr,Apr 2026,16,Saturday,2025-26
2026-04-19,2026,4,April,Apr,Apr 2026,16,Sunday,2025-26
2026-04-20,2026,4,April,Apr,Apr 2026,17,Monday,2025-26
2026-04-21,2026,4,April,Apr,Apr 2026,17,Tuesday,2025-26
2026-04-22,2026,4,April,Apr,Apr 2026,17,Wednesday,2025-26
2026-04-23,2026,4,April,Apr,Apr 2026,17,Thursday,2025-26
2026-04-24,2026,4,April,Apr,Apr 2026,17,Friday,2025-26
2026-04-25,2026,4,April,Apr,Apr 2026,17,Saturday,2025-26
2026-04-26,2026,4,April,Apr,Apr 2026,17,Sunday,2025-26
2026-04-27,2026,4,April,Apr,Apr 2026,18,Monday,2025-26
2026-04-28,2026,4,April,Apr,Apr 2026,18,Tuesday,2025-26
2026-04-29,2026,4,April,Apr,Apr 2026,18,Wednesday,2025-26
2026-04-30,2026,4,April,Apr,Apr 2026,18,Thursday,2025-26
