game_id,Date,Home Team,Home Team Name,Home Score,Away Team,Away Team Name,Away Score,Home Win,Away Win,Point Diff,Season,Month
42500172,2026-04-21,LAL,Lakers,101,HOU,Rockets,94,1,0,7,2025-26,2026-04
42500152,2026-04-21,SA,Spurs,103,POR,Trail Blazers,106,0,1,-3,2025-26,2026-04
42500112,2026-04-21,BOS,Celtics,97,PHI,76ers,111,0,1,-14,2025-26,2026-04
42500162,2026-04-20,DEN,Nuggets,114,MIN,Timberwolves,119,0,1,-5,2025-26,2026-04
42500132,2026-04-20,CLE,Cavaliers,115,TOR,Raptors,105,1,0,10,2025-26,2026-04
42500122,2026-04-20,NY,Knicks,106,ATL,Hawks,107,0,1,-1,2025-26,2026-04
42500151,2026-04-19,SA,Spurs,111,POR,Trail Blazers,98,1,0,13,2025-26,2026-04
42500141,2026-04-19,OKC,Thunder,119,PHX,Suns,84,1,0,35,2025-26,2026-04
42500111,2026-04-19,BOS,Celtics,123,PHI,76ers,91,1,0,32,2025-26,2026-04
42500101,2026-04-19,DET,Pistons,101,ORL,Magic,112,0,1,-11,2025-26,2026-04
42500161,2026-04-18,DEN,Nuggets,116,MIN,Timberwolves,105,1,0,11,2025-26,2026-04
42500131,2026-04-18,CLE,Cavaliers,126,TOR,Raptors,113,1,0,13,2025-26,2026-04
42500121,2026-04-18,NY,Knicks,113,ATL,Hawks,102,1,0,11,2025-26,2026-04
42500171,2026-04-18,LAL,Lakers,107,HOU,Rockets,98,1,0,9,2025-26,2026-04
52500211,2026-04-17,PHX,Suns,111,GS,Warriors,96,1,0,15,2025-26,2026-04
52500201,2026-04-17,ORL,Magic,121,CHA,Hornets,90,1,0,31,2025-26,2026-04
52500131,2026-04-15,LAC,Clippers,121,GS,Warriors,126,0,1,-5,2025-26,2026-04
52500101,2026-04-15,PHI,76ers,109,ORL,Magic,97,1,0,12,2025-26,2026-04
52500121,2026-04-14,PHX,Suns,110,POR,Trail Blazers,114,0,1,-4,2025-26,2026-04
52500111,2026-04-14,CHA,Hornets,127,MIA,Heat,126,1,0,1,2025-26,2026-04
22501193,2026-04-12,DAL,Mavericks,149,CHI,Bulls,128,1,0,21,2025-26,2026-04
22501186,2026-04-12,BOS,Celtics,113,ORL,Magic,108,1,0,5,2025-26,2026-04
22501187,2026-04-12,CLE,Cavaliers,130,WSH,Wizards,117,1,0,13,2025-26,2026-04
22501188,2026-04-12,IND,Pacers,121,DET,Pistons,133,0,1,-12,2025-26,2026-04
22501189,2026-04-12,MIA,Heat,143,ATL,Hawks,117,1,0,26,2025-26,2026-04
22501190,2026-04-12,NY,Knicks,96,CHA,Hornets,110,0,1,-14,2025-26,2026-04
22501191,2026-04-12,PHI,76ers,126,MIL,Bucks,106,1,0,20,2025-26,2026-04
22501192,2026-04-12,TOR,Raptors,136,BKN,Nets,101,1,0,35,2025-26,2026-04
22501200,2026-04-12,POR,Trail Blazers,122,SAC,Kings,110,1,0,12,2025-26,2026-04
22501194,2026-04-12,HOU,Rockets,132,MEM,Grizzlies,101,1,0,31,2025-26,2026-04
22501195,2026-04-12,MIN,Timberwolves,132,NO,Pelicans,126,1,0,6,2025-26,2026-04
22501196,2026-04-12,OKC,Thunder,103,PHX,Suns,135,0,1,-32,2025-26,2026-04
22501197,2026-04-12,SA,Spurs,118,DEN,Nuggets,128,0,1,-10,2025-26,2026-04
22501198,2026-04-12,LAL,Lakers,131,UTAH,Jazz,107,1,0,24,2025-26,2026-04
22501199,2026-04-12,LAC,Clippers,115,GS,Warriors,110,1,0,5,2025-26,2026-04
22501178,2026-04-10,HOU,Rockets,132,MIN,Timberwolves,136,0,1,-4,2025-26,2026-04
22501171,2026-04-10,CHA,Hornets,100,DET,Pistons,118,0,1,-18,2025-26,2026-04
22501172,2026-04-10,WSH,Wizards,117,MIA,Heat,140,0,1,-23,2025-26,2026-04
22501173,2026-04-10,ATL,Hawks,124,CLE,Cavaliers,102,1,0,22,2025-26,2026-04
22501174,2026-04-10,BOS,Celtics,144,NO,Pelicans,118,1,0,26,2025-26,2026-04
22501175,2026-04-10,IND,Pacers,94,PHI,76ers,105,0,1,-11,2025-26,2026-04
22501176,2026-04-10,NY,Knicks,112,TOR,Raptors,95,1,0,17,2025-26,2026-04
22501177,2026-04-10,CHI,Bulls,103,ORL,Magic,127,0,1,-24,2025-26,2026-04
22501179,2026-04-10,MIL,Bucks,125,BKN,Nets,108,1,0,17,2025-26,2026-04
22501181,2026-04-10,UTAH,Jazz,147,MEM,Grizzlies,101,1,0,46,2025-26,2026-04
22501182,2026-04-10,DEN,Nuggets,127,OKC,Thunder,107,1,0,20,2025-26,2026-04
22501183,2026-04-10,POR,Trail Blazers,116,LAC,Clippers,97,1,0,19,2025-26,2026-04
22501184,2026-04-10,SAC,Kings,124,GS,Warriors,118,1,0,6,2025-26,2026-04
22501185,2026-04-10,LAL,Lakers,101,PHX,Suns,73,1,0,28,2025-26,2026-04
22501180,2026-04-10,SA,Spurs,139,DAL,Mavericks,120,1,0,19,2025-26,2026-04
22501165,2026-04-09,TOR,Raptors,128,MIA,Heat,114,1,0,14,2025-26,2026-04
22501170,2026-04-09,GS,Warriors,103,LAL,Lakers,119,0,1,-16,2025-26,2026-04
22501169,2026-04-09,HOU,Rockets,113,PHI,76ers,102,1,0,11,2025-26,2026-04
22501168,2026-04-09,NY,Knicks,112,BOS,Celtics,106,1,0,6,2025-26,2026-04
22501167,2026-04-09,BKN,Nets,94,IND,Pacers,123,0,1,-29,2025-26,2026-04
22501166,2026-04-09,WSH,Wizards,108,CHI,Bulls,119,0,1,-11,2025-26,2026-04
22501161,2026-04-08,SA,Spurs,112,POR,Trail Blazers,101,1,0,11,2025-26,2026-04
22501158,2026-04-08,CLE,Cavaliers,122,ATL,Hawks,116,1,0,6,2025-26,2026-04
22501160,2026-04-08,DET,Pistons,137,MIL,Bucks,111,1,0,26,2025-26,2026-04
22501159,2026-04-08,ORL,Magic,132,MIN,Timberwolves,120,1,0,12,2025-26,2026-04
22501162,2026-04-08,DEN,Nuggets,136,MEM,Grizzlies,119,1,0,17,2025-26,2026-04
22501163,2026-04-08,LAC,Clippers,110,OKC,Thunder,128,0,1,-18,2025-26,2026-04
22501164,2026-04-08,PHX,Suns,112,DAL,Mavericks,107,1,0,5,2025-26,2026-04
22501148,2026-04-07,WSH,Wizards,98,CHI,Bulls,129,0,1,-31,2025-26,2026-04
22501152,2026-04-07,IND,Pacers,104,MIN,Timberwolves,124,0,1,-20,2025-26,2026-04
22501149,2026-04-07,BOS,Celtics,113,CHA,Hornets,102,1,0,11,2025-26,2026-04
22501150,2026-04-07,BKN,Nets,96,MIL,Bucks,90,1,0,6,2025-26,2026-04
22501151,2026-04-07,TOR,Raptors,121,MIA,Heat,95,1,0,26,2025-26,2026-04
22501157,2026-04-07,PHX,Suns,105,HOU,Rockets,119,0,1,-14,2025-26,2026-04
22501153,2026-04-07,NO,Pelicans,156,UTAH,Jazz,137,1,0,19,2025-26,2026-04
22501154,2026-04-07,GS,Warriors,110,SAC,Kings,105,1,0,5,2025-26,2026-04
22501155,2026-04-07,LAL,Lakers,87,OKC,Thunder,123,0,1,-36,2025-26,2026-04
22501156,2026-04-07,LAC,Clippers,116,DAL,Mavericks,103,1,0,13,2025-26,2026-04
22501147,2026-04-06,DEN,Nuggets,137,POR,Trail Blazers,132,1,0,5,2025-26,2026-04
22501146,2026-04-06,SA,Spurs,115,PHI,76ers,102,1,0,13,2025-26,2026-04
22501145,2026-04-06,MEM,Grizzlies,126,CLE,Cavaliers,142,0,1,-16,2025-26,2026-04
22501144,2026-04-06,ORL,Magic,123,DET,Pistons,107,1,0,16,2025-26,2026-04
22501143,2026-04-06,ATL,Hawks,105,NY,Knicks,108,0,1,-3,2025-26,2026-04
22501134,2026-04-05,CHI,Bulls,110,PHX,Suns,120,0,1,-10,2025-26,2026-04
22501135,2026-04-05,MIL,Bucks,131,MEM,Grizzlies,115,1,0,16,2025-26,2026-04
22501137,2026-04-05,MIN,Timberwolves,108,CHA,Hornets,122,0,1,-14,2025-26,2026-04
22501133,2026-04-05,BKN,Nets,121,WSH,Wizards,115,1,0,6,2025-26,2026-04
22501132,2026-04-05,BOS,Celtics,115,TOR,Raptors,101,1,0,14,2025-26,2026-04
22501136,2026-04-05,CLE,Cavaliers,117,IND,Pacers,108,1,0,9,2025-26,2026-04
22501139,2026-04-05,OKC,Thunder,146,UTAH,Jazz,111,1,0,35,2025-26,2026-04
22501138,2026-04-05,NO,Pelicans,108,ORL,Magic,112,0,1,-4,2025-26,2026-04
22501140,2026-04-05,DAL,Mavericks,134,LAL,Lakers,128,1,0,6,2025-26,2026-04
22501141,2026-04-05,SAC,Kings,109,LAC,Clippers,138,0,1,-29,2025-26,2026-04
22501142,2026-04-05,GS,Warriors,116,HOU,Rockets,117,0,1,-1,2025-26,2026-04
22501131,2026-04-04,PHI,76ers,93,DET,Pistons,116,0,1,-23,2025-26,2026-04
22501130,2026-04-04,DEN,Nuggets,136,SA,Spurs,134,1,0,2,2025-26,2026-04
22501129,2026-04-04,MIA,Heat,152,WSH,Wizards,136,1,0,16,2025-26,2026-04
22501124,2026-04-03,HOU,Rockets,140,UTAH,Jazz,106,1,0,34,2025-26,2026-04
22501120,2026-04-03,CHA,Hornets,129,IND,Pacers,108,1,0,21,2025-26,2026-04
22501121,2026-04-03,PHI,76ers,115,MIN,Timberwolves,103,1,0,12,2025-26,2026-04
22501122,2026-04-03,BKN,Nets,107,ATL,Hawks,141,0,1,-34,2025-26,2026-04
22501123,2026-04-03,NY,Knicks,136,CHI,Bulls,96,1,0,40,2025-26,2026-04
22501127,2026-04-03,DAL,Mavericks,127,ORL,Magic,138,0,1,-11,2025-26,2026-04
22501125,2026-04-03,MEM,Grizzlies,96,TOR,Raptors,128,0,1,-32,2025-26,2026-04
22501126,2026-04-03,MIL,Bucks,101,BOS,Celtics,133,0,1,-32,2025-26,2026-04
22501128,2026-04-03,SAC,Kings,117,NO,Pelicans,113,1,0,4,2025-26,2026-04
22501117,2026-04-02,GS,Warriors,111,CLE,Cavaliers,118,0,1,-7,2025-26,2026-04
22501114,2026-04-02,CHA,Hornets,127,PHX,Suns,107,1,0,20,2025-26,2026-04
22501116,2026-04-02,OKC,Thunder,139,LAL,Lakers,96,1,0,43,2025-26,2026-04
22501115,2026-04-02,DET,Pistons,113,MIN,Timberwolves,108,1,0,5,2025-26,2026-04
22501118,2026-04-02,POR,Trail Blazers,118,NO,Pelicans,106,1,0,12,2025-26,2026-04
22501119,2026-04-02,LAC,Clippers,99,SA,Spurs,118,0,1,-19,2025-26,2026-04
22501108,2026-04-01,TOR,Raptors,115,SAC,Kings,123,0,1,-8,2025-26,2026-04
22501105,2026-04-01,WSH,Wizards,131,PHI,76ers,153,0,1,-22,2025-26,2026-04
22501106,2026-04-01,MIA,Heat,129,BOS,Celtics,147,0,1,-18,2025-26,2026-04
22501107,2026-04-01,ORL,Magic,101,ATL,Hawks,130,0,1,-29,2025-26,2026-04
22501003,2026-04-01,MEM,Grizzlies,119,NY,Knicks,130,0,1,-11,2025-26,2026-04
22501109,2026-04-01,CHI,Bulls,126,IND,Pacers,145,0,1,-19,2025-26,2026-04
22501110,2026-04-01,HOU,Rockets,119,MIL,Bucks,113,1,0,6,2025-26,2026-04
22501112,2026-04-01,UTAH,Jazz,117,DEN,Nuggets,130,0,1,-13,2025-26,2026-04
22501113,2026-04-01,GS,Warriors,113,SA,Spurs,127,0,1,-14,2025-26,2026-04
22501104,2026-03-31,LAC,Clippers,104,POR,Trail Blazers,114,0,1,-10,2025-26,2026-03
22501103,2026-03-31,LAL,Lakers,127,CLE,Cavaliers,113,1,0,14,2025-26,2026-03
22501102,2026-03-31,HOU,Rockets,111,NY,Knicks,94,1,0,17,2025-26,2026-03
22501101,2026-03-31,DET,Pistons,127,TOR,Raptors,116,1,0,11,2025-26,2026-03
22501100,2026-03-31,BKN,Nets,86,CHA,Hornets,117,0,1,-31,2025-26,2026-03
22501099,2026-03-31,ORL,Magic,115,PHX,Suns,111,1,0,4,2025-26,2026-03
22500652,2026-03-31,MIL,Bucks,123,DAL,Mavericks,99,1,0,24,2025-26,2026-03
22501094,2026-03-30,SA,Spurs,129,CHI,Bulls,114,1,0,15,2025-26,2026-03
22501091,2026-03-30,MIA,Heat,119,PHI,76ers,109,1,0,10,2025-26,2026-03
22501092,2026-03-30,ATL,Hawks,112,BOS,Celtics,102,1,0,10,2025-26,2026-03
22501093,2026-03-30,MEM,Grizzlies,105,PHX,Suns,131,0,1,-26,2025-26,2026-03
22501097,2026-03-30,OKC,Thunder,114,DET,Pistons,110,1,0,4,2025-26,2026-03
22501095,2026-03-30,DAL,Mavericks,94,MIN,Timberwolves,124,0,1,-30,2025-26,2026-03
22501096,2026-03-30,UTAH,Jazz,113,CLE,Cavaliers,122,0,1,-9,2025-26,2026-03
22501098,2026-03-30,LAL,Lakers,120,WSH,Wizards,101,1,0,19,2025-26,2026-03
22501090,2026-03-29,DEN,Nuggets,116,GS,Warriors,93,1,0,23,2025-26,2026-03
22501089,2026-03-29,OKC,Thunder,111,NY,Knicks,100,1,0,11,2025-26,2026-03
22501088,2026-03-29,NO,Pelicans,102,HOU,Rockets,134,0,1,-32,2025-26,2026-03
22501087,2026-03-29,POR,Trail Blazers,123,WSH,Wizards,88,1,0,35,2025-26,2026-03
22501086,2026-03-29,TOR,Raptors,139,ORL,Magic,87,1,0,52,2025-26,2026-03
22501085,2026-03-29,CHA,Hornets,99,BOS,Celtics,114,0,1,-15,2025-26,2026-03
22501084,2026-03-29,BKN,Nets,116,SAC,Kings,99,1,0,17,2025-26,2026-03
22501083,2026-03-29,IND,Pacers,135,MIA,Heat,118,1,0,17,2025-26,2026-03
22501082,2026-03-29,MIL,Bucks,113,LAC,Clippers,127,0,1,-14,2025-26,2026-03
22501079,2026-03-28,MEM,Grizzlies,125,CHI,Bulls,124,1,0,1,2025-26,2026-03
22501077,2026-03-28,CHA,Hornets,114,PHI,76ers,118,0,1,-4,2025-26,2026-03
22501078,2026-03-28,ATL,Hawks,123,SAC,Kings,113,1,0,10,2025-26,2026-03
22501076,2026-03-28,MIL,Bucks,95,SA,Spurs,127,0,1,-32,2025-26,2026-03
22501080,2026-03-28,MIN,Timberwolves,87,DET,Pistons,109,0,1,-22,2025-26,2026-03
22501081,2026-03-28,PHX,Suns,134,UTAH,Jazz,109,1,0,25,2025-26,2026-03
22501071,2026-03-27,TOR,Raptors,119,NO,Pelicans,106,1,0,13,2025-26,2026-03
22501066,2026-03-27,IND,Pacers,113,LAC,Clippers,114,0,1,-1,2025-26,2026-03
22501067,2026-03-27,BOS,Celtics,109,ATL,Hawks,102,1,0,7,2025-26,2026-03
22501069,2026-03-27,MEM,Grizzlies,109,HOU,Rockets,119,0,1,-10,2025-26,2026-03
22501070,2026-03-27,OKC,Thunder,131,CHI,Bulls,113,1,0,18,2025-26,2026-03
22501068,2026-03-27,CLE,Cavaliers,149,MIA,Heat,128,1,0,21,2025-26,2026-03
22501072,2026-03-27,DEN,Nuggets,135,UTAH,Jazz,129,1,0,6,2025-26,2026-03
22501073,2026-03-27,GS,Warriors,131,WSH,Wizards,126,1,0,5,2025-26,2026-03
22501074,2026-03-27,POR,Trail Blazers,93,DAL,Mavericks,100,0,1,-7,2025-26,2026-03
22501075,2026-03-27,LAL,Lakers,116,BKN,Nets,99,1,0,17,2025-26,2026-03
22501065,2026-03-26,ORL,Magic,121,SAC,Kings,117,1,0,4,2025-26,2026-03
22501064,2026-03-26,DET,Pistons,129,NO,Pelicans,108,1,0,21,2025-26,2026-03
22501063,2026-03-26,CHA,Hornets,114,NY,Knicks,103,1,0,11,2025-26,2026-03
22501057,2026-03-25,UTAH,Jazz,110,WSH,Wizards,133,0,1,-23,2025-26,2026-03
22501051,2026-03-25,DET,Pistons,129,ATL,Hawks,130,0,1,-1,2025-26,2026-03
22501052,2026-03-25,IND,Pacers,130,LAL,Lakers,137,0,1,-7,2025-26,2026-03
22501053,2026-03-25,PHI,76ers,157,CHI,Bulls,137,1,0,20,2025-26,2026-03
22501054,2026-03-25,BOS,Celtics,119,OKC,Thunder,109,1,0,10,2025-26,2026-03
22501056,2026-03-25,MEM,Grizzlies,98,SA,Spurs,123,0,1,-25,2025-26,2026-03
22501055,2026-03-25,CLE,Cavaliers,103,MIA,Heat,120,0,1,-17,2025-26,2026-03
22501058,2026-03-25,MIN,Timberwolves,110,HOU,Rockets,108,1,0,2,2025-26,2026-03
22501059,2026-03-25,DEN,Nuggets,142,DAL,Mavericks,135,1,0,7,2025-26,2026-03
22501060,2026-03-25,GS,Warriors,109,BKN,Nets,106,1,0,3,2025-26,2026-03
22501061,2026-03-25,POR,Trail Blazers,130,MIL,Bucks,99,1,0,31,2025-26,2026-03
22501062,2026-03-25,LAC,Clippers,119,TOR,Raptors,94,1,0,25,2025-26,2026-03
22501050,2026-03-24,PHX,Suns,123,DEN,Nuggets,125,0,1,-2,2025-26,2026-03
22501049,2026-03-24,CLE,Cavaliers,136,ORL,Magic,131,1,0,5,2025-26,2026-03
22501048,2026-03-24,NY,Knicks,121,NO,Pelicans,116,1,0,5,2025-26,2026-03
22501047,2026-03-24,CHA,Hornets,134,SAC,Kings,90,1,0,44,2025-26,2026-03
22501041,2026-03-23,MIA,Heat,111,SA,Spurs,136,0,1,-25,2025-26,2026-03
22501037,2026-03-23,ATL,Hawks,146,MEM,Grizzlies,107,1,0,39,2025-26,2026-03
22501038,2026-03-23,DET,Pistons,113,LAL,Lakers,110,1,0,3,2025-26,2026-03
22501039,2026-03-23,ORL,Magic,126,IND,Pacers,128,0,1,-2,2025-26,2026-03
22501040,2026-03-23,PHI,76ers,103,OKC,Thunder,123,0,1,-20,2025-26,2026-03
22501046,2026-03-23,LAC,Clippers,129,MIL,Bucks,96,1,0,33,2025-26,2026-03
22501042,2026-03-23,CHI,Bulls,132,HOU,Rockets,124,1,0,8,2025-26,2026-03
22501043,2026-03-23,UTAH,Jazz,127,TOR,Raptors,143,0,1,-16,2025-26,2026-03
22501044,2026-03-23,DAL,Mavericks,131,GS,Warriors,137,0,1,-6,2025-26,2026-03
22501045,2026-03-23,POR,Trail Blazers,134,BKN,Nets,99,1,0,35,2025-26,2026-03
22501033,2026-03-22,SAC,Kings,126,BKN,Nets,122,1,0,4,2025-26,2026-03
22501032,2026-03-22,DEN,Nuggets,128,POR,Trail Blazers,112,1,0,16,2025-26,2026-03
22501034,2026-03-22,NY,Knicks,145,WSH,Wizards,113,1,0,32,2025-26,2026-03
22501036,2026-03-22,PHX,Suns,120,TOR,Raptors,98,1,0,22,2025-26,2026-03
22501035,2026-03-22,BOS,Celtics,92,MIN,Timberwolves,102,0,1,-10,2025-26,2026-03
22501023,2026-03-21,CHA,Hornets,124,MEM,Grizzlies,101,1,0,23,2025-26,2026-03
22501027,2026-03-21,HOU,Rockets,123,MIA,Heat,122,1,0,1,2025-26,2026-03
22501022,2026-03-21,WSH,Wizards,111,OKC,Thunder,132,0,1,-21,2025-26,2026-03
22501024,2026-03-21,ORL,Magic,104,LAL,Lakers,105,0,1,-1,2025-26,2026-03
22501026,2026-03-21,ATL,Hawks,126,GS,Warriors,110,1,0,16,2025-26,2026-03
22501025,2026-03-21,NO,Pelicans,106,CLE,Cavaliers,111,0,1,-5,2025-26,2026-03
22501028,2026-03-21,SA,Spurs,134,IND,Pacers,119,1,0,15,2025-26,2026-03
22501029,2026-03-21,DAL,Mavericks,131,LAC,Clippers,138,0,1,-7,2025-26,2026-03
22501030,2026-03-21,UTAH,Jazz,116,PHI,76ers,126,0,1,-10,2025-26,2026-03
22501031,2026-03-21,PHX,Suns,105,MIL,Bucks,108,0,1,-3,2025-26,2026-03
22501021,2026-03-20,DEN,Nuggets,121,TOR,Raptors,115,1,0,6,2025-26,2026-03
22501020,2026-03-20,MIN,Timberwolves,104,POR,Trail Blazers,108,0,1,-4,2025-26,2026-03
22501019,2026-03-20,MEM,Grizzlies,112,BOS,Celtics,117,0,1,-5,2025-26,2026-03
22501018,2026-03-20,HOU,Rockets,117,ATL,Hawks,95,1,0,22,2025-26,2026-03
22501017,2026-03-20,DET,Pistons,115,GS,Warriors,101,1,0,14,2025-26,2026-03
22501016,2026-03-20,BKN,Nets,92,NY,Knicks,93,0,1,-1,2025-26,2026-03
22501009,2026-03-19,WSH,Wizards,95,DET,Pistons,117,0,1,-22,2025-26,2026-03
22501011,2026-03-19,CHI,Bulls,110,CLE,Cavaliers,115,0,1,-5,2025-26,2026-03
22501008,2026-03-19,CHA,Hornets,130,ORL,Magic,111,1,0,19,2025-26,2026-03
22501010,2026-03-19,MIA,Heat,126,LAL,Lakers,134,0,1,-8,2025-26,2026-03
22501015,2026-03-19,SAC,Kings,118,PHI,76ers,139,0,1,-21,2025-26,2026-03
22501012,2026-03-19,NO,Pelicans,105,LAC,Clippers,99,1,0,6,2025-26,2026-03
22501014,2026-03-19,UTAH,Jazz,128,MIL,Bucks,96,1,0,32,2025-26,2026-03
22501013,2026-03-19,SA,Spurs,101,PHX,Suns,100,1,0,1,2025-26,2026-03
22501007,2026-03-18,HOU,Rockets,116,LAL,Lakers,124,0,1,-8,2025-26,2026-03
22501006,2026-03-18,DAL,Mavericks,120,ATL,Hawks,135,0,1,-15,2025-26,2026-03
22501005,2026-03-18,NO,Pelicans,124,LAC,Clippers,109,1,0,15,2025-26,2026-03
22501004,2026-03-18,MIN,Timberwolves,147,UTAH,Jazz,111,1,0,36,2025-26,2026-03
22501002,2026-03-18,CHI,Bulls,109,TOR,Raptors,139,0,1,-30,2025-26,2026-03
22501001,2026-03-18,IND,Pacers,119,POR,Trail Blazers,127,0,1,-8,2025-26,2026-03
22501000,2026-03-18,BKN,Nets,92,OKC,Thunder,121,0,1,-29,2025-26,2026-03
22500999,2026-03-18,BOS,Celtics,120,GS,Warriors,99,1,0,21,2025-26,2026-03
22500651,2026-03-18,MEM,Grizzlies,125,DEN,Nuggets,118,1,0,7,2025-26,2026-03
22500995,2026-03-17,MIL,Bucks,116,CLE,Cavaliers,123,0,1,-7,2025-26,2026-03
22500991,2026-03-17,CHA,Hornets,136,MIA,Heat,106,1,0,30,2025-26,2026-03
22500993,2026-03-17,WSH,Wizards,117,DET,Pistons,130,0,1,-13,2025-26,2026-03
22500994,2026-03-17,NY,Knicks,136,IND,Pacers,110,1,0,26,2025-26,2026-03
22500992,2026-03-17,ORL,Magic,108,OKC,Thunder,113,0,1,-5,2025-26,2026-03
22500996,2026-03-17,MIN,Timberwolves,116,PHX,Suns,104,1,0,12,2025-26,2026-03
22500998,2026-03-17,SAC,Kings,104,SA,Spurs,132,0,1,-28,2025-26,2026-03
22500997,2026-03-17,DEN,Nuggets,124,PHI,76ers,96,1,0,28,2025-26,2026-03
22500987,2026-03-16,CHI,Bulls,132,MEM,Grizzlies,107,1,0,25,2025-26,2026-03
22500983,2026-03-16,ATL,Hawks,124,ORL,Magic,112,1,0,12,2025-26,2026-03
22500985,2026-03-16,BKN,Nets,95,POR,Trail Blazers,114,0,1,-19,2025-26,2026-03
22500986,2026-03-16,BOS,Celtics,120,PHX,Suns,112,1,0,8,2025-26,2026-03
22500984,2026-03-16,WSH,Wizards,117,GS,Warriors,125,0,1,-8,2025-26,2026-03
22500988,2026-03-16,NO,Pelicans,129,DAL,Mavericks,111,1,0,18,2025-26,2026-03
22500989,2026-03-16,HOU,Rockets,92,LAL,Lakers,100,0,1,-8,2025-26,2026-03
22500990,2026-03-16,LAC,Clippers,115,SA,Spurs,119,0,1,-4,2025-26,2026-03
22500982,2026-03-15,SAC,Kings,116,UTAH,Jazz,111,1,0,5,2025-26,2026-03
22500981,2026-03-15,NY,Knicks,110,GS,Warriors,107,1,0,3,2025-26,2026-03
22500980,2026-03-15,PHI,76ers,109,POR,Trail Blazers,103,1,0,6,2025-26,2026-03
22500979,2026-03-15,MIL,Bucks,134,IND,Pacers,123,1,0,11,2025-26,2026-03
22500978,2026-03-15,TOR,Raptors,119,DET,Pistons,108,1,0,11,2025-26,2026-03
22500977,2026-03-15,CLE,Cavaliers,120,DAL,Mavericks,130,0,1,-10,2025-26,2026-03
22500976,2026-03-15,OKC,Thunder,116,MIN,Timberwolves,103,1,0,13,2025-26,2026-03
22500971,2026-03-14,BOS,Celtics,111,WSH,Wizards,100,1,0,11,2025-26,2026-03
22500969,2026-03-14,PHI,76ers,104,BKN,Nets,97,1,0,7,2025-26,2026-03
22500970,2026-03-14,ATL,Hawks,122,MIL,Bucks,99,1,0,23,2025-26,2026-03
22500972,2026-03-14,MIA,Heat,117,ORL,Magic,121,0,1,-4,2025-26,2026-03
22500973,2026-03-14,SA,Spurs,115,CHA,Hornets,102,1,0,13,2025-26,2026-03
22500974,2026-03-14,LAL,Lakers,127,DEN,Nuggets,125,1,0,2,2025-26,2026-03
22500975,2026-03-14,LAC,Clippers,109,SAC,Kings,118,0,1,-9,2025-26,2026-03
22500968,2026-03-13,LAC,Clippers,119,CHI,Bulls,108,1,0,11,2025-26,2026-03
22500967,2026-03-13,POR,Trail Blazers,124,UTAH,Jazz,114,1,0,10,2025-26,2026-03
22500966,2026-03-13,GS,Warriors,117,MIN,Timberwolves,127,0,1,-10,2025-26,2026-03
22500965,2026-03-13,DAL,Mavericks,105,CLE,Cavaliers,138,0,1,-33,2025-26,2026-03
22500964,2026-03-13,HOU,Rockets,107,NO,Pelicans,105,1,0,2,2025-26,2026-03
22500963,2026-03-13,TOR,Raptors,122,PHX,Suns,115,1,0,7,2025-26,2026-03
22500962,2026-03-13,IND,Pacers,92,NY,Knicks,101,0,1,-9,2025-26,2026-03
22500961,2026-03-13,DET,Pistons,126,MEM,Grizzlies,110,1,0,16,2025-26,2026-03
22500957,2026-03-12,MIA,Heat,112,MIL,Bucks,105,1,0,7,2025-26,2026-03
22500953,2026-03-12,DET,Pistons,131,PHI,76ers,109,1,0,22,2025-26,2026-03
22500955,2026-03-12,ORL,Magic,136,WSH,Wizards,131,1,0,5,2025-26,2026-03
22500956,2026-03-12,ATL,Hawks,108,BKN,Nets,97,1,0,11,2025-26,2026-03
22500954,2026-03-12,IND,Pacers,108,PHX,Suns,123,0,1,-15,2025-26,2026-03
22500958,2026-03-12,SA,Spurs,131,DEN,Nuggets,136,0,1,-5,2025-26,2026-03
22500960,2026-03-12,LAL,Lakers,142,CHI,Bulls,130,1,0,12,2025-26,2026-03
22501111,2026-03-12,MEM,Grizzlies,112,DAL,Mavericks,120,0,1,-8,2025-26,2026-03
22500959,2026-03-12,OKC,Thunder,104,BOS,Celtics,102,1,0,2,2025-26,2026-03
22500952,2026-03-11,LAC,Clippers,153,MIN,Timberwolves,128,1,0,25,2025-26,2026-03
22500951,2026-03-11,SAC,Kings,109,CHA,Hornets,117,0,1,-8,2025-26,2026-03
22500950,2026-03-11,DEN,Nuggets,129,HOU,Rockets,93,1,0,36,2025-26,2026-03
22500949,2026-03-11,UTAH,Jazz,117,NY,Knicks,134,0,1,-17,2025-26,2026-03
22500948,2026-03-11,NO,Pelicans,122,TOR,Raptors,111,1,0,11,2025-26,2026-03
22500947,2026-03-11,ORL,Magic,128,CLE,Cavaliers,122,1,0,6,2025-26,2026-03
22500941,2026-03-10,MIL,Bucks,114,PHX,Suns,129,0,1,-15,2025-26,2026-03
22500936,2026-03-10,PHI,76ers,139,MEM,Grizzlies,129,1,0,10,2025-26,2026-03
22500937,2026-03-10,BKN,Nets,100,DET,Pistons,138,0,1,-38,2025-26,2026-03
22500938,2026-03-10,MIA,Heat,150,WSH,Wizards,129,1,0,21,2025-26,2026-03
22500939,2026-03-10,ATL,Hawks,124,DAL,Mavericks,112,1,0,12,2025-26,2026-03
22500940,2026-03-10,HOU,Rockets,113,TOR,Raptors,99,1,0,14,2025-26,2026-03
22500946,2026-03-10,LAL,Lakers,120,MIN,Timberwolves,106,1,0,14,2025-26,2026-03
22500942,2026-03-10,SA,Spurs,125,BOS,Celtics,116,1,0,9,2025-26,2026-03
22500943,2026-03-10,GS,Warriors,124,CHI,Bulls,130,0,1,-6,2025-26,2026-03
22500944,2026-03-10,POR,Trail Blazers,101,CHA,Hornets,103,0,1,-2,2025-26,2026-03
22500945,2026-03-10,SAC,Kings,114,IND,Pacers,109,1,0,5,2025-26,2026-03
22500933,2026-03-09,OKC,Thunder,129,DEN,Nuggets,126,1,0,3,2025-26,2026-03
22500931,2026-03-09,CLE,Cavaliers,115,PHI,76ers,101,1,0,14,2025-26,2026-03
22500932,2026-03-09,BKN,Nets,126,MEM,Grizzlies,115,1,0,11,2025-26,2026-03
22500934,2026-03-09,UTAH,Jazz,119,GS,Warriors,116,1,0,3,2025-26,2026-03
22500935,2026-03-09,LAC,Clippers,126,NY,Knicks,118,1,0,8,2025-26,2026-03
22500926,2026-03-08,MIL,Bucks,91,ORL,Magic,130,0,1,-39,2025-26,2026-03
22500921,2026-03-08,CLE,Cavaliers,98,BOS,Celtics,109,0,1,-11,2025-26,2026-03
22500923,2026-03-08,MIA,Heat,121,DET,Pistons,110,1,0,11,2025-26,2026-03
22500924,2026-03-08,TOR,Raptors,122,DAL,Mavericks,92,1,0,30,2025-26,2026-03
22500925,2026-03-08,NO,Pelicans,138,WSH,Wizards,118,1,0,20,2025-26,2026-03
22500922,2026-03-08,LAL,Lakers,110,NY,Knicks,97,1,0,13,2025-26,2026-03
22500927,2026-03-08,SA,Spurs,145,HOU,Rockets,120,1,0,25,2025-26,2026-03
22500928,2026-03-08,PHX,Suns,111,CHA,Hornets,99,1,0,12,2025-26,2026-03
22500929,2026-03-08,POR,Trail Blazers,131,IND,Pacers,111,1,0,20,2025-26,2026-03
22500930,2026-03-08,SAC,Kings,126,CHI,Bulls,110,1,0,16,2025-26,2026-03
22500920,2026-03-07,OKC,Thunder,104,GS,Warriors,97,1,0,7,2025-26,2026-03
22500919,2026-03-07,MIL,Bucks,113,UTAH,Jazz,99,1,0,14,2025-26,2026-03
22500918,2026-03-07,MEM,Grizzlies,120,LAC,Clippers,123,0,1,-3,2025-26,2026-03
22500917,2026-03-07,ATL,Hawks,125,PHI,76ers,116,1,0,9,2025-26,2026-03
22500916,2026-03-07,DET,Pistons,105,BKN,Nets,107,0,1,-2,2025-26,2026-03
22500915,2026-03-07,MIN,Timberwolves,92,ORL,Magic,119,0,1,-27,2025-26,2026-03
22500911,2026-03-06,DEN,Nuggets,103,NY,Knicks,142,0,1,-39,2025-26,2026-03
22500908,2026-03-06,BOS,Celtics,120,DAL,Mavericks,100,1,0,20,2025-26,2026-03
22500909,2026-03-06,CHA,Hornets,120,MIA,Heat,128,0,1,-8,2025-26,2026-03
22500910,2026-03-06,HOU,Rockets,106,POR,Trail Blazers,99,1,0,7,2025-26,2026-03
22500912,2026-03-06,PHX,Suns,118,NO,Pelicans,116,1,0,2,2025-26,2026-03
22500914,2026-03-06,LAL,Lakers,128,IND,Pacers,117,1,0,11,2025-26,2026-03
22500913,2026-03-06,SA,Spurs,116,LAC,Clippers,112,1,0,4,2025-26,2026-03
22500901,2026-03-05,MIA,Heat,126,BKN,Nets,110,1,0,16,2025-26,2026-03
22500903,2026-03-05,MIN,Timberwolves,115,TOR,Raptors,107,1,0,8,2025-26,2026-03
22500899,2026-03-05,ORL,Magic,115,DAL,Mavericks,114,1,0,1,2025-26,2026-03
22500900,2026-03-05,WSH,Wizards,112,UTAH,Jazz,122,0,1,-10,2025-26,2026-03
22500902,2026-03-05,HOU,Rockets,113,GS,Warriors,115,0,1,-2,2025-26,2026-03
22500904,2026-03-05,SA,Spurs,121,DET,Pistons,106,1,0,15,2025-26,2026-03
22500905,2026-03-05,PHX,Suns,103,CHI,Bulls,105,0,1,-2,2025-26,2026-03
22500906,2026-03-05,DEN,Nuggets,120,LAL,Lakers,113,1,0,7,2025-26,2026-03
22500907,2026-03-05,SAC,Kings,123,NO,Pelicans,133,0,1,-10,2025-26,2026-03
22500893,2026-03-04,NY,Knicks,100,OKC,Thunder,103,0,1,-3,2025-26,2026-03
22500898,2026-03-04,LAC,Clippers,130,IND,Pacers,107,1,0,23,2025-26,2026-03
22500897,2026-03-04,MIL,Bucks,113,ATL,Hawks,131,0,1,-18,2025-26,2026-03
22500896,2026-03-04,MEM,Grizzlies,114,POR,Trail Blazers,122,0,1,-8,2025-26,2026-03
22500895,2026-03-04,PHI,76ers,106,UTAH,Jazz,102,1,0,4,2025-26,2026-03
22500894,2026-03-04,BOS,Celtics,89,CHA,Hornets,118,0,1,-29,2025-26,2026-03
22500884,2026-03-03,CLE,Cavaliers,113,DET,Pistons,109,1,0,4,2025-26,2026-03
22500885,2026-03-03,ORL,Magic,126,WSH,Wizards,109,1,0,17,2025-26,2026-03
22500887,2026-03-03,TOR,Raptors,95,NY,Knicks,111,0,1,-16,2025-26,2026-03
22500883,2026-03-03,CHA,Hornets,117,DAL,Mavericks,90,1,0,27,2025-26,2026-03
22500886,2026-03-03,MIA,Heat,124,BKN,Nets,98,1,0,26,2025-26,2026-03
22500891,2026-03-03,LAL,Lakers,110,NO,Pelicans,101,1,0,9,2025-26,2026-03
22500888,2026-03-03,PHI,76ers,91,SA,Spurs,131,0,1,-40,2025-26,2026-03
22500892,2026-03-03,SAC,Kings,103,PHX,Suns,114,0,1,-11,2025-26,2026-03
22500889,2026-03-03,CHI,Bulls,108,OKC,Thunder,116,0,1,-8,2025-26,2026-03
22500890,2026-03-03,MIN,Timberwolves,117,MEM,Grizzlies,110,1,0,7,2025-26,2026-03
22500882,2026-03-02,GS,Warriors,101,LAC,Clippers,114,0,1,-13,2025-26,2026-03
22500881,2026-03-02,UTAH,Jazz,125,DEN,Nuggets,128,0,1,-3,2025-26,2026-03
22500880,2026-03-02,MIL,Bucks,81,BOS,Celtics,108,0,1,-27,2025-26,2026-03
22500879,2026-03-02,WSH,Wizards,118,HOU,Rockets,123,0,1,-5,2025-26,2026-03
22500873,2026-03-01,ATL,Hawks,135,POR,Trail Blazers,101,1,0,34,2025-26,2026-03
22500868,2026-03-01,NY,Knicks,114,SA,Spurs,89,1,0,25,2025-26,2026-03
22500869,2026-03-01,BKN,Nets,102,CLE,Cavaliers,106,0,1,-4,2025-26,2026-03
22500870,2026-03-01,CHI,Bulls,120,MIL,Bucks,97,1,0,23,2025-26,2026-03
22500871,2026-03-01,DEN,Nuggets,108,MIN,Timberwolves,117,0,1,-9,2025-26,2026-03
22500872,2026-03-01,IND,Pacers,106,MEM,Grizzlies,125,0,1,-19,2025-26,2026-03
22500875,2026-03-01,ORL,Magic,92,DET,Pistons,106,0,1,-14,2025-26,2026-03
22500874,2026-03-01,BOS,Celtics,114,PHI,76ers,98,1,0,16,2025-26,2026-03
22500876,2026-03-01,DAL,Mavericks,87,OKC,Thunder,100,0,1,-13,2025-26,2026-03
22500877,2026-03-01,LAC,Clippers,137,NO,Pelicans,117,1,0,20,2025-26,2026-03
22500878,2026-03-01,LAL,Lakers,128,SAC,Kings,104,1,0,24,2025-26,2026-03
22500865,2026-02-28,WSH,Wizards,125,TOR,Raptors,134,0,1,-9,2025-26,2026-02
22500863,2026-02-28,CHA,Hornets,109,POR,Trail Blazers,93,1,0,16,2025-26,2026-02
22500864,2026-02-28,MIA,Heat,115,HOU,Rockets,105,1,0,10,2025-26,2026-02
22500866,2026-02-28,GS,Warriors,101,LAL,Lakers,129,0,1,-28,2025-26,2026-02
22500867,2026-02-28,UTAH,Jazz,105,NO,Pelicans,115,0,1,-10,2025-26,2026-02
22500862,2026-02-27,OKC,Thunder,127,DEN,Nuggets,121,1,0,6,2025-26,2026-02
22500861,2026-02-27,DAL,Mavericks,105,MEM,Grizzlies,124,0,1,-19,2025-26,2026-02
22500860,2026-02-27,MIL,Bucks,98,NY,Knicks,127,0,1,-29,2025-26,2026-02
22500859,2026-02-27,BOS,Celtics,148,BKN,Nets,111,1,0,37,2025-26,2026-02
22500858,2026-02-27,DET,Pistons,122,CLE,Cavaliers,119,1,0,3,2025-26,2026-02
22500856,2026-02-26,UTAH,Jazz,118,NO,Pelicans,129,0,1,-11,2025-26,2026-02
22500852,2026-02-26,ORL,Magic,108,HOU,Rockets,113,0,1,-5,2025-26,2026-02
22500849,2026-02-26,PHI,76ers,124,MIA,Heat,117,1,0,7,2025-26,2026-02
22500850,2026-02-26,ATL,Hawks,126,WSH,Wizards,96,1,0,30,2025-26,2026-02
22500851,2026-02-26,BKN,Nets,110,SA,Spurs,126,0,1,-16,2025-26,2026-02
22500848,2026-02-26,IND,Pacers,109,CHA,Hornets,133,0,1,-24,2025-26,2026-02
22500853,2026-02-26,CHI,Bulls,112,POR,Trail Blazers,121,0,1,-9,2025-26,2026-02
22500854,2026-02-26,DAL,Mavericks,121,SAC,Kings,130,0,1,-9,2025-26,2026-02
22500855,2026-02-26,PHX,Suns,113,LAL,Lakers,110,1,0,3,2025-26,2026-02
22500857,2026-02-26,LAC,Clippers,88,MIN,Timberwolves,94,0,1,-6,2025-26,2026-02
22500842,2026-02-25,DET,Pistons,124,OKC,Thunder,116,1,0,8,2025-26,2026-02
22500846,2026-02-25,MIL,Bucks,118,CLE,Cavaliers,116,1,0,2,2025-26,2026-02
22500844,2026-02-25,MEM,Grizzlies,112,GS,Warriors,133,0,1,-21,2025-26,2026-02
22500843,2026-02-25,TOR,Raptors,107,SA,Spurs,110,0,1,-3,2025-26,2026-02
22500847,2026-02-25,DEN,Nuggets,103,BOS,Celtics,84,1,0,19,2025-26,2026-02
22500845,2026-02-25,HOU,Rockets,128,SAC,Kings,97,1,0,31,2025-26,2026-02
22500836,2026-02-24,CHI,Bulls,99,CHA,Hornets,131,0,1,-32,2025-26,2026-02
22500831,2026-02-24,IND,Pacers,114,PHI,76ers,135,0,1,-21,2025-26,2026-02
22500832,2026-02-24,ATL,Hawks,119,WSH,Wizards,98,1,0,21,2025-26,2026-02
22500834,2026-02-24,TOR,Raptors,107,OKC,Thunder,116,0,1,-9,2025-26,2026-02
22500835,2026-02-24,CLE,Cavaliers,109,NY,Knicks,94,1,0,15,2025-26,2026-02
22500833,2026-02-24,BKN,Nets,114,DAL,Mavericks,123,0,1,-9,2025-26,2026-02
22500837,2026-02-24,MIL,Bucks,128,MIA,Heat,117,1,0,11,2025-26,2026-02
22500838,2026-02-24,NO,Pelicans,113,GS,Warriors,109,1,0,4,2025-26,2026-02
22500839,2026-02-24,PHX,Suns,81,BOS,Celtics,97,0,1,-16,2025-26,2026-02
22500840,2026-02-24,LAL,Lakers,109,ORL,Magic,110,0,1,-1,2025-26,2026-02
22500841,2026-02-24,POR,Trail Blazers,121,MIN,Timberwolves,124,0,1,-3,2025-26,2026-02
22500830,2026-02-23,HOU,Rockets,125,UTAH,Jazz,105,1,0,20,2025-26,2026-02
22500829,2026-02-23,MEM,Grizzlies,114,SAC,Kings,123,0,1,-9,2025-26,2026-02
22500828,2026-02-23,DET,Pistons,103,SA,Spurs,114,0,1,-11,2025-26,2026-02
22500822,2026-02-22,WSH,Wizards,112,CHA,Hornets,129,0,1,-17,2025-26,2026-02
22500817,2026-02-22,OKC,Thunder,121,CLE,Cavaliers,113,1,0,8,2025-26,2026-02
22500818,2026-02-22,ATL,Hawks,115,BKN,Nets,104,1,0,11,2025-26,2026-02
22500819,2026-02-22,MIL,Bucks,94,TOR,Raptors,122,0,1,-28,2025-26,2026-02
22500820,2026-02-22,GS,Warriors,128,DEN,Nuggets,117,1,0,11,2025-26,2026-02
22500821,2026-02-22,IND,Pacers,130,DAL,Mavericks,134,0,1,-4,2025-26,2026-02
22500827,2026-02-22,LAC,Clippers,109,ORL,Magic,111,0,1,-2,2025-26,2026-02
22500823,2026-02-22,LAL,Lakers,89,BOS,Celtics,111,0,1,-22,2025-26,2026-02
22500824,2026-02-22,MIN,Timberwolves,108,PHI,76ers,135,0,1,-27,2025-26,2026-02
22500825,2026-02-22,CHI,Bulls,99,NY,Knicks,105,0,1,-6,2025-26,2026-02
22500826,2026-02-22,PHX,Suns,77,POR,Trail Blazers,92,0,1,-15,2025-26,2026-02
22500816,2026-02-21,NY,Knicks,108,HOU,Rockets,106,1,0,2,2025-26,2026-02
22500815,2026-02-21,SA,Spurs,139,SAC,Kings,122,1,0,17,2025-26,2026-02
22500814,2026-02-21,CHI,Bulls,110,DET,Pistons,126,0,1,-16,2025-26,2026-02
22500813,2026-02-21,MIA,Heat,136,MEM,Grizzlies,120,1,0,16,2025-26,2026-02
22500812,2026-02-21,NO,Pelicans,126,PHI,76ers,111,1,0,15,2025-26,2026-02
22500811,2026-02-21,PHX,Suns,113,ORL,Magic,110,1,0,3,2025-26,2026-02
22500802,2026-02-20,CHA,Hornets,113,CLE,Cavaliers,118,0,1,-5,2025-26,2026-02
22500803,2026-02-20,WSH,Wizards,131,IND,Pacers,118,1,0,13,2025-26,2026-02
22500806,2026-02-20,MIN,Timberwolves,122,DAL,Mavericks,111,1,0,11,2025-26,2026-02
22500804,2026-02-20,MEM,Grizzlies,123,UTAH,Jazz,114,1,0,9,2025-26,2026-02
22500805,2026-02-20,ATL,Hawks,97,MIA,Heat,128,0,1,-31,2025-26,2026-02
22500807,2026-02-20,NO,Pelicans,118,MIL,Bucks,139,0,1,-21,2025-26,2026-02
22500808,2026-02-20,OKC,Thunder,105,BKN,Nets,86,1,0,19,2025-26,2026-02
22500809,2026-02-20,LAL,Lakers,125,LAC,Clippers,122,1,0,3,2025-26,2026-02
22500810,2026-02-20,POR,Trail Blazers,103,DEN,Nuggets,157,0,1,-54,2025-26,2026-02
22500796,2026-02-19,NY,Knicks,111,DET,Pistons,126,0,1,-15,2025-26,2026-02
22500792,2026-02-19,CHA,Hornets,101,HOU,Rockets,105,0,1,-4,2025-26,2026-02
22500793,2026-02-19,CLE,Cavaliers,112,BKN,Nets,84,1,0,28,2025-26,2026-02
22500794,2026-02-19,PHI,76ers,107,ATL,Hawks,117,0,1,-10,2025-26,2026-02
22500795,2026-02-19,WSH,Wizards,112,IND,Pacers,105,1,0,7,2025-26,2026-02
22500797,2026-02-19,CHI,Bulls,101,TOR,Raptors,110,0,1,-9,2025-26,2026-02
22500798,2026-02-19,SA,Spurs,121,PHX,Suns,94,1,0,27,2025-26,2026-02
22500799,2026-02-19,GS,Warriors,110,BOS,Celtics,121,0,1,-11,2025-26,2026-02
22500800,2026-02-19,SAC,Kings,94,ORL,Magic,131,0,1,-37,2025-26,2026-02
22500801,2026-02-19,LAC,Clippers,115,DEN,Nuggets,114,1,0,1,2025-26,2026-02
22500791,2026-02-12,LAL,Lakers,124,DAL,Mavericks,104,1,0,20,2025-26,2026-02
22500790,2026-02-12,UTAH,Jazz,119,POR,Trail Blazers,135,0,1,-16,2025-26,2026-02
22500789,2026-02-12,OKC,Thunder,93,MIL,Bucks,110,0,1,-17,2025-26,2026-02
22500783,2026-02-11,MIN,Timberwolves,133,POR,Trail Blazers,109,1,0,24,2025-26,2026-02
22500782,2026-02-11,HOU,Rockets,102,LAC,Clippers,105,0,1,-3,2025-26,2026-02
22500777,2026-02-11,ORL,Magic,108,MIL,Bucks,116,0,1,-8,2025-26,2026-02
22500778,2026-02-11,BOS,Celtics,124,CHI,Bulls,105,1,0,19,2025-26,2026-02
22500779,2026-02-11,BKN,Nets,110,IND,Pacers,115,0,1,-5,2025-26,2026-02
22500780,2026-02-11,PHI,76ers,89,NY,Knicks,138,0,1,-49,2025-26,2026-02
22500781,2026-02-11,TOR,Raptors,95,DET,Pistons,113,0,1,-18,2025-26,2026-02
22500784,2026-02-11,NO,Pelicans,111,MIA,Heat,123,0,1,-12,2025-26,2026-02
22500775,2026-02-11,CHA,Hornets,110,ATL,Hawks,107,1,0,3,2025-26,2026-02
22500785,2026-02-11,PHX,Suns,109,OKC,Thunder,136,0,1,-27,2025-26,2026-02
22500786,2026-02-11,UTAH,Jazz,121,SAC,Kings,93,1,0,28,2025-26,2026-02
22500787,2026-02-11,DEN,Nuggets,122,MEM,Grizzlies,116,1,0,6,2025-26,2026-02
22500788,2026-02-11,GS,Warriors,113,SA,Spurs,126,0,1,-13,2025-26,2026-02
22500776,2026-02-11,CLE,Cavaliers,138,WSH,Wizards,113,1,0,25,2025-26,2026-02
22500773,2026-02-10,PHX,Suns,120,DAL,Mavericks,111,1,0,9,2025-26,2026-02
22500772,2026-02-10,HOU,Rockets,102,LAC,Clippers,95,1,0,7,2025-26,2026-02
22500771,2026-02-10,NY,Knicks,134,IND,Pacers,137,0,1,-3,2025-26,2026-02
22500774,2026-02-10,LAL,Lakers,108,SA,Spurs,136,0,1,-28,2025-26,2026-02
22500766,2026-02-09,NO,Pelicans,120,SAC,Kings,94,1,0,26,2025-26,2026-02
22500761,2026-02-09,CHA,Hornets,104,DET,Pistons,110,0,1,-6,2025-26,2026-02
22500763,2026-02-09,MIA,Heat,111,UTAH,Jazz,115,0,1,-4,2025-26,2026-02
22500764,2026-02-09,ORL,Magic,118,MIL,Bucks,99,1,0,19,2025-26,2026-02
22500765,2026-02-09,MIN,Timberwolves,138,ATL,Hawks,116,1,0,22,2025-26,2026-02
22500762,2026-02-09,BKN,Nets,123,CHI,Bulls,115,1,0,8,2025-26,2026-02
22500767,2026-02-09,DEN,Nuggets,117,CLE,Cavaliers,119,0,1,-2,2025-26,2026-02
22500768,2026-02-09,GS,Warriors,114,MEM,Grizzlies,113,1,0,1,2025-26,2026-02
22500769,2026-02-09,LAL,Lakers,110,OKC,Thunder,119,0,1,-9,2025-26,2026-02
22500770,2026-02-09,POR,Trail Blazers,135,PHI,76ers,118,1,0,17,2025-26,2026-02
22500760,2026-02-08,MIN,Timberwolves,96,LAC,Clippers,115,0,1,-19,2025-26,2026-02
22500759,2026-02-08,TOR,Raptors,122,IND,Pacers,104,1,0,18,2025-26,2026-02
22500758,2026-02-08,WSH,Wizards,101,MIA,Heat,132,0,1,-31,2025-26,2026-02
22500757,2026-02-08,BOS,Celtics,89,NY,Knicks,111,0,1,-22,2025-26,2026-02
22500752,2026-02-07,CHI,Bulls,120,DEN,Nuggets,136,0,1,-16,2025-26,2026-02
22500747,2026-02-07,BKN,Nets,127,WSH,Wizards,113,1,0,14,2025-26,2026-02
22500748,2026-02-07,OKC,Thunder,106,HOU,Rockets,112,0,1,-6,2025-26,2026-02
22500749,2026-02-07,SA,Spurs,138,DAL,Mavericks,125,1,0,13,2025-26,2026-02
22500750,2026-02-07,ORL,Magic,120,UTAH,Jazz,117,1,0,3,2025-26,2026-02
22500751,2026-02-07,ATL,Hawks,119,CHA,Hornets,126,0,1,-7,2025-26,2026-02
22500754,2026-02-07,PHX,Suns,103,PHI,76ers,109,0,1,-6,2025-26,2026-02
22500755,2026-02-07,POR,Trail Blazers,122,MEM,Grizzlies,115,1,0,7,2025-26,2026-02
22500756,2026-02-07,SAC,Kings,126,CLE,Cavaliers,132,0,1,-6,2025-26,2026-02
22500753,2026-02-07,LAL,Lakers,105,GS,Warriors,99,1,0,6,2025-26,2026-02
22500742,2026-02-06,DET,Pistons,118,NY,Knicks,80,1,0,38,2025-26,2026-02
22500746,2026-02-06,SAC,Kings,111,LAC,Clippers,114,0,1,-3,2025-26,2026-02
22500745,2026-02-06,POR,Trail Blazers,135,MEM,Grizzlies,115,1,0,20,2025-26,2026-02
22500744,2026-02-06,MIN,Timberwolves,115,NO,Pelicans,119,0,1,-4,2025-26,2026-02
22500743,2026-02-06,MIL,Bucks,105,IND,Pacers,99,1,0,6,2025-26,2026-02
22500741,2026-02-06,BOS,Celtics,98,MIA,Heat,96,1,0,2,2025-26,2026-02
22500737,2026-02-05,HOU,Rockets,99,CHA,Hornets,109,0,1,-10,2025-26,2026-02
22500734,2026-02-05,ORL,Magic,118,BKN,Nets,98,1,0,20,2025-26,2026-02
22500735,2026-02-05,ATL,Hawks,121,UTAH,Jazz,119,1,0,2,2025-26,2026-02
22500736,2026-02-05,TOR,Raptors,123,CHI,Bulls,107,1,0,16,2025-26,2026-02
22500740,2026-02-05,LAL,Lakers,119,PHI,76ers,115,1,0,4,2025-26,2026-02
22500738,2026-02-05,DAL,Mavericks,123,SA,Spurs,135,0,1,-12,2025-26,2026-02
22500739,2026-02-05,PHX,Suns,97,GS,Warriors,101,0,1,-4,2025-26,2026-02
22500733,2026-02-05,DET,Pistons,117,WSH,Wizards,126,0,1,-9,2025-26,2026-02
22500728,2026-02-04,HOU,Rockets,93,BOS,Celtics,114,0,1,-21,2025-26,2026-02
22500729,2026-02-04,MIL,Bucks,141,NO,Pelicans,137,1,0,4,2025-26,2026-02
22500727,2026-02-04,TOR,Raptors,126,MIN,Timberwolves,128,0,1,-2,2025-26,2026-02
22500726,2026-02-04,NY,Knicks,134,DEN,Nuggets,127,1,0,7,2025-26,2026-02
22500730,2026-02-04,SA,Spurs,116,OKC,Thunder,106,1,0,10,2025-26,2026-02
22500731,2026-02-04,SAC,Kings,125,MEM,Grizzlies,129,0,1,-4,2025-26,2026-02
22500732,2026-02-04,LAC,Clippers,91,CLE,Cavaliers,124,0,1,-33,2025-26,2026-02
22500721,2026-02-03,DAL,Mavericks,100,BOS,Celtics,110,0,1,-10,2025-26,2026-02
22500716,2026-02-03,DET,Pistons,124,DEN,Nuggets,121,1,0,3,2025-26,2026-02
22500717,2026-02-03,IND,Pacers,122,UTAH,Jazz,131,0,1,-9,2025-26,2026-02
22500719,2026-02-03,BKN,Nets,109,LAL,Lakers,125,0,1,-16,2025-26,2026-02
22500720,2026-02-03,MIA,Heat,115,ATL,Hawks,127,0,1,-12,2025-26,2026-02
22500718,2026-02-03,WSH,Wizards,101,NY,Knicks,132,0,1,-31,2025-26,2026-02
22500722,2026-02-03,MIL,Bucks,131,CHI,Bulls,115,1,0,16,2025-26,2026-02
22500723,2026-02-03,OKC,Thunder,128,ORL,Magic,92,1,0,36,2025-26,2026-02
22500724,2026-02-03,GS,Warriors,94,PHI,76ers,113,0,1,-19,2025-26,2026-02
22500725,2026-02-03,POR,Trail Blazers,125,PHX,Suns,130,0,1,-5,2025-26,2026-02
22500715,2026-02-02,LAC,Clippers,113,PHI,76ers,128,0,1,-15,2025-26,2026-02
22500714,2026-02-02,MEM,Grizzlies,137,MIN,Timberwolves,128,1,0,9,2025-26,2026-02
22500713,2026-02-02,IND,Pacers,114,HOU,Rockets,118,0,1,-4,2025-26,2026-02
22500712,2026-02-02,CHA,Hornets,102,NO,Pelicans,95,1,0,7,2025-26,2026-02
22500706,2026-02-01,TOR,Raptors,107,UTAH,Jazz,100,1,0,7,2025-26,2026-02
22500702,2026-02-01,BOS,Celtics,107,MIL,Bucks,79,1,0,28,2025-26,2026-02
22500703,2026-02-01,SA,Spurs,112,ORL,Magic,103,1,0,9,2025-26,2026-02
22500704,2026-02-01,DET,Pistons,130,BKN,Nets,77,1,0,53,2025-26,2026-02
22500705,2026-02-01,MIA,Heat,134,CHI,Bulls,91,1,0,43,2025-26,2026-02
22500710,2026-02-01,POR,Trail Blazers,111,CLE,Cavaliers,130,0,1,-19,2025-26,2026-02
22500707,2026-02-01,WSH,Wizards,116,SAC,Kings,112,1,0,4,2025-26,2026-02
22500708,2026-02-01,NY,Knicks,112,LAL,Lakers,100,1,0,12,2025-26,2026-02
22500709,2026-02-01,PHX,Suns,93,LAC,Clippers,117,0,1,-24,2025-26,2026-02
22500711,2026-02-01,DEN,Nuggets,111,OKC,Thunder,121,0,1,-10,2025-26,2026-02
22500701,2026-01-31,HOU,Rockets,111,DAL,Mavericks,107,1,0,4,2025-26,2026-01
22500700,2026-01-31,MEM,Grizzlies,114,MIN,Timberwolves,131,0,1,-17,2025-26,2026-01
22500699,2026-01-31,PHI,76ers,124,NO,Pelicans,114,1,0,10,2025-26,2026-01
22500698,2026-01-31,IND,Pacers,129,ATL,Hawks,124,1,0,5,2025-26,2026-01
22500697,2026-01-31,CHA,Hornets,111,SA,Spurs,106,1,0,5,2025-26,2026-01
22500692,2026-01-31,MIA,Heat,118,CHI,Bulls,125,0,1,-7,2025-26,2026-01
22500691,2026-01-30,NO,Pelicans,114,MEM,Grizzlies,106,1,0,8,2025-26,2026-01
22500687,2026-01-30,ORL,Magic,130,TOR,Raptors,120,1,0,10,2025-26,2026-01
22500689,2026-01-30,BOS,Celtics,112,SAC,Kings,93,1,0,19,2025-26,2026-01
22500690,2026-01-30,NY,Knicks,127,POR,Trail Blazers,97,1,0,30,2025-26,2026-01
22500688,2026-01-30,WSH,Wizards,111,LAL,Lakers,142,0,1,-31,2025-26,2026-01
22500693,2026-01-30,PHX,Suns,126,CLE,Cavaliers,113,1,0,13,2025-26,2026-01
22500695,2026-01-30,DEN,Nuggets,122,LAC,Clippers,109,1,0,13,2025-26,2026-01
22500696,2026-01-30,GS,Warriors,124,DET,Pistons,131,0,1,-7,2025-26,2026-01
22500694,2026-01-30,UTAH,Jazz,99,BKN,Nets,109,0,1,-10,2025-26,2026-01
22500683,2026-01-29,DAL,Mavericks,121,CHA,Hornets,123,0,1,-2,2025-26,2026-01
22500680,2026-01-29,PHI,76ers,113,SAC,Kings,111,1,0,2,2025-26,2026-01
22500681,2026-01-29,WSH,Wizards,109,MIL,Bucks,99,1,0,10,2025-26,2026-01
22500682,2026-01-29,ATL,Hawks,86,HOU,Rockets,104,0,1,-18,2025-26,2026-01
22500529,2026-01-29,CHI,Bulls,113,MIA,Heat,116,0,1,-3,2025-26,2026-01
22500684,2026-01-29,DEN,Nuggets,107,BKN,Nets,103,1,0,4,2025-26,2026-01
22500685,2026-01-29,PHX,Suns,114,DET,Pistons,96,1,0,18,2025-26,2026-01
22500686,2026-01-29,MIN,Timberwolves,123,OKC,Thunder,111,1,0,12,2025-26,2026-01
22500679,2026-01-28,HOU,Rockets,99,SA,Spurs,111,0,1,-12,2025-26,2026-01
22500678,2026-01-28,UTAH,Jazz,124,GS,Warriors,140,0,1,-16,2025-26,2026-01
22500677,2026-01-28,DAL,Mavericks,105,MIN,Timberwolves,118,0,1,-13,2025-26,2026-01
22500676,2026-01-28,MEM,Grizzlies,97,CHA,Hornets,112,0,1,-15,2025-26,2026-01
22500675,2026-01-28,TOR,Raptors,92,NY,Knicks,119,0,1,-27,2025-26,2026-01
22500674,2026-01-28,MIA,Heat,124,ORL,Magic,133,0,1,-9,2025-26,2026-01
22500673,2026-01-28,BOS,Celtics,106,ATL,Hawks,117,0,1,-11,2025-26,2026-01
22500672,2026-01-28,IND,Pacers,113,CHI,Bulls,110,1,0,3,2025-26,2026-01
22500671,2026-01-28,CLE,Cavaliers,129,LAL,Lakers,99,1,0,30,2025-26,2026-01
22500667,2026-01-27,OKC,Thunder,104,NO,Pelicans,95,1,0,9,2025-26,2026-01
22500664,2026-01-27,WSH,Wizards,115,POR,Trail Blazers,111,1,0,4,2025-26,2026-01
22500665,2026-01-27,NY,Knicks,103,SAC,Kings,87,1,0,16,2025-26,2026-01
22500666,2026-01-27,PHI,76ers,139,MIL,Bucks,122,1,0,17,2025-26,2026-01
22500670,2026-01-27,UTAH,Jazz,103,LAC,Clippers,115,0,1,-12,2025-26,2026-01
22500668,2026-01-27,DEN,Nuggets,107,DET,Pistons,109,0,1,-2,2025-26,2026-01
22500669,2026-01-27,PHX,Suns,106,BKN,Nets,102,1,0,4,2025-26,2026-01
22500660,2026-01-26,BOS,Celtics,102,POR,Trail Blazers,94,1,0,8,2025-26,2026-01
22500658,2026-01-26,CLE,Cavaliers,114,ORL,Magic,98,1,0,16,2025-26,2026-01
22500659,2026-01-26,ATL,Hawks,132,IND,Pacers,116,1,0,16,2025-26,2026-01
22500657,2026-01-26,CHA,Hornets,130,PHI,76ers,93,1,0,37,2025-26,2026-01
22500661,2026-01-26,CHI,Bulls,118,LAL,Lakers,129,0,1,-11,2025-26,2026-01
22500662,2026-01-26,HOU,Rockets,108,MEM,Grizzlies,99,1,0,9,2025-26,2026-01
22500663,2026-01-26,MIN,Timberwolves,108,GS,Warriors,83,1,0,25,2025-26,2026-01
22500656,2026-01-25,LAC,Clippers,126,BKN,Nets,89,1,0,37,2025-26,2026-01
22500655,2026-01-25,PHX,Suns,102,MIA,Heat,111,0,1,-9,2025-26,2026-01
22500654,2026-01-25,SA,Spurs,95,NO,Pelicans,104,0,1,-9,2025-26,2026-01
22500653,2026-01-25,OKC,Thunder,101,TOR,Raptors,103,0,1,-2,2025-26,2026-01
22500650,2026-01-25,DET,Pistons,139,SAC,Kings,116,1,0,23,2025-26,2026-01
22500644,2026-01-25,MIN,Timberwolves,85,GS,Warriors,111,0,1,-26,2025-26,2026-01
22500643,2026-01-24,PHI,76ers,109,NY,Knicks,112,0,1,-3,2025-26,2026-01
22500645,2026-01-24,CHA,Hornets,119,WSH,Wizards,115,1,0,4,2025-26,2026-01
22500646,2026-01-24,ORL,Magic,105,CLE,Cavaliers,119,0,1,-14,2025-26,2026-01
22500647,2026-01-24,CHI,Bulls,114,BOS,Celtics,111,1,0,3,2025-26,2026-01
22500648,2026-01-24,DAL,Mavericks,110,LAL,Lakers,116,0,1,-6,2025-26,2026-01
22500649,2026-01-24,UTAH,Jazz,116,MIA,Heat,147,0,1,-31,2025-26,2026-01
22500642,2026-01-23,POR,Trail Blazers,98,TOR,Raptors,110,0,1,-12,2025-26,2026-01
22500641,2026-01-23,OKC,Thunder,114,IND,Pacers,117,0,1,-3,2025-26,2026-01
22500640,2026-01-23,MIL,Bucks,100,DEN,Nuggets,102,0,1,-2,2025-26,2026-01
22500639,2026-01-23,MEM,Grizzlies,127,NO,Pelicans,133,0,1,-6,2025-26,2026-01
22500638,2026-01-23,CLE,Cavaliers,123,SAC,Kings,118,1,0,5,2025-26,2026-01
22500637,2026-01-23,BKN,Nets,126,BOS,Celtics,130,0,1,-4,2025-26,2026-01
22500636,2026-01-23,ATL,Hawks,110,PHX,Suns,103,1,0,7,2025-26,2026-01
22500635,2026-01-23,DET,Pistons,104,HOU,Rockets,111,0,1,-7,2025-26,2026-01
22500631,2026-01-22,MIN,Timberwolves,115,CHI,Bulls,120,0,1,-5,2025-26,2026-01
22500628,2026-01-22,PHI,76ers,128,HOU,Rockets,122,1,0,6,2025-26,2026-01
22500629,2026-01-22,WSH,Wizards,97,DEN,Nuggets,107,0,1,-10,2025-26,2026-01
22500630,2026-01-22,DAL,Mavericks,123,GS,Warriors,115,1,0,8,2025-26,2026-01
22500627,2026-01-22,ORL,Magic,97,CHA,Hornets,124,0,1,-27,2025-26,2026-01
22500632,2026-01-22,UTAH,Jazz,109,SA,Spurs,126,0,1,-17,2025-26,2026-01
22500634,2026-01-22,POR,Trail Blazers,127,MIA,Heat,110,1,0,17,2025-26,2026-01
22500633,2026-01-22,LAC,Clippers,112,LAL,Lakers,104,1,0,8,2025-26,2026-01
22500623,2026-01-21,MEM,Grizzlies,122,ATL,Hawks,124,0,1,-2,2025-26,2026-01
22500621,2026-01-21,BOS,Celtics,119,IND,Pacers,104,1,0,15,2025-26,2026-01
22500622,2026-01-21,NY,Knicks,120,BKN,Nets,66,1,0,54,2025-26,2026-01
22500620,2026-01-21,CHA,Hornets,87,CLE,Cavaliers,94,0,1,-7,2025-26,2026-01
22500624,2026-01-21,NO,Pelicans,104,DET,Pistons,112,0,1,-8,2025-26,2026-01
22500625,2026-01-21,MIL,Bucks,102,OKC,Thunder,122,0,1,-20,2025-26,2026-01
22500626,2026-01-21,SAC,Kings,109,TOR,Raptors,122,0,1,-13,2025-26,2026-01
22500619,2026-01-20,SAC,Kings,117,MIA,Heat,130,0,1,-13,2025-26,2026-01
22500618,2026-01-20,GS,Warriors,127,TOR,Raptors,145,0,1,-18,2025-26,2026-01
22500617,2026-01-20,DEN,Nuggets,107,LAL,Lakers,115,0,1,-8,2025-26,2026-01
22500616,2026-01-20,UTAH,Jazz,127,MIN,Timberwolves,122,1,0,5,2025-26,2026-01
22500615,2026-01-20,HOU,Rockets,111,SA,Spurs,106,1,0,5,2025-26,2026-01
22500614,2026-01-20,CHI,Bulls,138,LAC,Clippers,110,1,0,28,2025-26,2026-01
22500613,2026-01-20,PHI,76ers,110,PHX,Suns,116,0,1,-6,2025-26,2026-01
22500608,2026-01-19,WSH,Wizards,106,LAC,Clippers,110,0,1,-4,2025-26,2026-01
22500014,2026-01-19,ATL,Hawks,110,MIL,Bucks,112,0,1,-2,2025-26,2026-01
22500016,2026-01-19,NY,Knicks,97,DAL,Mavericks,114,0,1,-17,2025-26,2026-01
22500017,2026-01-19,DET,Pistons,104,BOS,Celtics,103,1,0,1,2025-26,2026-01
22500015,2026-01-19,CLE,Cavaliers,104,OKC,Thunder,136,0,1,-32,2025-26,2026-01
22500609,2026-01-19,PHI,76ers,113,IND,Pacers,104,1,0,9,2025-26,2026-01
22500612,2026-01-19,GS,Warriors,135,MIA,Heat,112,1,0,23,2025-26,2026-01
22500610,2026-01-19,BKN,Nets,117,PHX,Suns,126,0,1,-9,2025-26,2026-01
22500611,2026-01-19,SA,Spurs,123,UTAH,Jazz,110,1,0,13,2025-26,2026-01
22500607,2026-01-18,LAL,Lakers,110,TOR,Raptors,93,1,0,17,2025-26,2026-01
22500606,2026-01-18,SAC,Kings,110,POR,Trail Blazers,117,0,1,-7,2025-26,2026-01
22500605,2026-01-18,DEN,Nuggets,87,CHA,Hornets,110,0,1,-23,2025-26,2026-01
22500604,2026-01-18,HOU,Rockets,119,NO,Pelicans,110,1,0,9,2025-26,2026-01
22500603,2026-01-18,CHI,Bulls,124,BKN,Nets,102,1,0,22,2025-26,2026-01
22500602,2026-01-18,MEM,Grizzlies,126,ORL,Magic,109,1,0,17,2025-26,2026-01
22500597,2026-01-17,MIA,Heat,122,OKC,Thunder,120,1,0,2,2025-26,2026-01
22500593,2026-01-17,DAL,Mavericks,138,UTAH,Jazz,120,1,0,18,2025-26,2026-01
22500594,2026-01-17,ATL,Hawks,106,BOS,Celtics,132,0,1,-26,2025-26,2026-01
22500595,2026-01-17,DET,Pistons,121,IND,Pacers,78,1,0,43,2025-26,2026-01
22500596,2026-01-17,NY,Knicks,99,PHX,Suns,106,0,1,-7,2025-26,2026-01
22500600,2026-01-17,DEN,Nuggets,121,WSH,Wizards,115,1,0,6,2025-26,2026-01
22500598,2026-01-17,SA,Spurs,126,MIN,Timberwolves,123,1,0,3,2025-26,2026-01
22500599,2026-01-17,GS,Warriors,136,CHA,Hornets,116,1,0,20,2025-26,2026-01
22500601,2026-01-17,POR,Trail Blazers,132,LAL,Lakers,116,1,0,16,2025-26,2026-01
22500587,2026-01-16,BKN,Nets,112,CHI,Bulls,109,1,0,3,2025-26,2026-01
22500589,2026-01-16,PHI,76ers,115,CLE,Cavaliers,117,0,1,-2,2025-26,2026-01
22500588,2026-01-16,IND,Pacers,127,NO,Pelicans,119,1,0,8,2025-26,2026-01
22500591,2026-01-16,HOU,Rockets,110,MIN,Timberwolves,105,1,0,5,2025-26,2026-01
22500590,2026-01-16,TOR,Raptors,117,LAC,Clippers,121,0,1,-4,2025-26,2026-01
22500592,2026-01-16,SAC,Kings,128,WSH,Wizards,115,1,0,13,2025-26,2026-01
22500582,2026-01-15,SA,Spurs,119,MIL,Bucks,101,1,0,18,2025-26,2026-01
22500578,2026-01-15,ORL,Magic,118,MEM,Grizzlies,111,1,0,7,2025-26,2026-01
22500580,2026-01-15,MIA,Heat,114,BOS,Celtics,119,0,1,-5,2025-26,2026-01
22500581,2026-01-15,HOU,Rockets,91,OKC,Thunder,111,0,1,-20,2025-26,2026-01
22500579,2026-01-15,DET,Pistons,108,PHX,Suns,105,1,0,3,2025-26,2026-01
22500583,2026-01-15,DAL,Mavericks,144,UTAH,Jazz,122,1,0,22,2025-26,2026-01
22500584,2026-01-15,GS,Warriors,126,NY,Knicks,113,1,0,13,2025-26,2026-01
22500585,2026-01-15,POR,Trail Blazers,117,ATL,Hawks,101,1,0,16,2025-26,2026-01
22500586,2026-01-15,LAL,Lakers,117,CHA,Hornets,135,0,1,-18,2025-26,2026-01
22500577,2026-01-14,LAC,Clippers,119,WSH,Wizards,105,1,0,14,2025-26,2026-01
22500576,2026-01-14,SAC,Kings,112,NY,Knicks,101,1,0,11,2025-26,2026-01
22500575,2026-01-14,DAL,Mavericks,109,DEN,Nuggets,118,0,1,-9,2025-26,2026-01
22500574,2026-01-14,NO,Pelicans,116,BKN,Nets,113,1,0,3,2025-26,2026-01
22500573,2026-01-14,CHI,Bulls,128,UTAH,Jazz,126,1,0,2,2025-26,2026-01
22500572,2026-01-14,PHI,76ers,107,CLE,Cavaliers,133,0,1,-26,2025-26,2026-01
22500571,2026-01-14,IND,Pacers,101,TOR,Raptors,115,0,1,-14,2025-26,2026-01
22500569,2026-01-13,LAL,Lakers,141,ATL,Hawks,116,1,0,25,2025-26,2026-01
22500570,2026-01-13,GS,Warriors,119,POR,Trail Blazers,97,1,0,22,2025-26,2026-01
22500568,2026-01-13,OKC,Thunder,119,SA,Spurs,98,1,0,21,2025-26,2026-01
22500567,2026-01-13,NO,Pelicans,116,DEN,Nuggets,122,0,1,-6,2025-26,2026-01
22500566,2026-01-13,MIL,Bucks,106,MIN,Timberwolves,139,0,1,-33,2025-26,2026-01
22500565,2026-01-13,HOU,Rockets,119,CHI,Bulls,113,1,0,6,2025-26,2026-01
22500564,2026-01-13,MIA,Heat,127,PHX,Suns,121,1,0,6,2025-26,2026-01
22500563,2026-01-12,LAC,Clippers,117,CHA,Hornets,109,1,0,8,2025-26,2026-01
22500562,2026-01-12,SAC,Kings,124,LAL,Lakers,112,1,0,12,2025-26,2026-01
22500561,2026-01-12,DAL,Mavericks,113,BKN,Nets,105,1,0,8,2025-26,2026-01
22500560,2026-01-12,TOR,Raptors,102,PHI,76ers,115,0,1,-13,2025-26,2026-01
22500559,2026-01-12,IND,Pacers,98,BOS,Celtics,96,1,0,2,2025-26,2026-01
22500558,2026-01-12,CLE,Cavaliers,112,UTAH,Jazz,123,0,1,-11,2025-26,2026-01
22500552,2026-01-11,MIN,Timberwolves,104,SA,Spurs,103,1,0,1,2025-26,2026-01
22500548,2026-01-11,ORL,Magic,128,NO,Pelicans,118,1,0,10,2025-26,2026-01
22500549,2026-01-11,MEM,Grizzlies,103,BKN,Nets,98,1,0,5,2025-26,2026-01
22500550,2026-01-11,TOR,Raptors,116,PHI,76ers,115,1,0,1,2025-26,2026-01
22500551,2026-01-11,POR,Trail Blazers,114,NY,Knicks,123,0,1,-9,2025-26,2026-01
22500557,2026-01-11,SAC,Kings,111,HOU,Rockets,98,1,0,13,2025-26,2026-01
22500553,2026-01-11,OKC,Thunder,124,MIA,Heat,112,1,0,12,2025-26,2026-01
22500554,2026-01-11,DEN,Nuggets,108,MIL,Bucks,104,1,0,4,2025-26,2026-01
22500555,2026-01-11,PHX,Suns,112,WSH,Wizards,93,1,0,19,2025-26,2026-01
22500556,2026-01-11,GS,Warriors,111,ATL,Hawks,124,0,1,-13,2025-26,2026-01
22500544,2026-01-10,DET,Pistons,92,LAC,Clippers,98,0,1,-6,2025-26,2026-01
22500542,2026-01-10,CLE,Cavaliers,146,MIN,Timberwolves,134,1,0,12,2025-26,2026-01
22500543,2026-01-10,IND,Pacers,123,MIA,Heat,99,1,0,24,2025-26,2026-01
22500546,2026-01-10,CHI,Bulls,125,DAL,Mavericks,107,1,0,18,2025-26,2026-01
22500545,2026-01-10,BOS,Celtics,95,SA,Spurs,100,0,1,-5,2025-26,2026-01
22500547,2026-01-10,UTAH,Jazz,95,CHA,Hornets,150,0,1,-55,2025-26,2026-01
22500537,2026-01-09,DEN,Nuggets,87,ATL,Hawks,110,0,1,-23,2025-26,2026-01
22500532,2026-01-09,BOS,Celtics,125,TOR,Raptors,117,1,0,8,2025-26,2026-01
22500533,2026-01-09,ORL,Magic,91,PHI,76ers,103,0,1,-12,2025-26,2026-01
22500535,2026-01-09,BKN,Nets,105,LAC,Clippers,121,0,1,-16,2025-26,2026-01
22500536,2026-01-09,MEM,Grizzlies,116,OKC,Thunder,117,0,1,-1,2025-26,2026-01
22500534,2026-01-09,WSH,Wizards,107,NO,Pelicans,128,0,1,-21,2025-26,2026-01
22500538,2026-01-09,PHX,Suns,112,NY,Knicks,107,1,0,5,2025-26,2026-01
22500539,2026-01-09,GS,Warriors,137,SAC,Kings,103,1,0,34,2025-26,2026-01
22500540,2026-01-09,POR,Trail Blazers,111,HOU,Rockets,105,1,0,6,2025-26,2026-01
22500541,2026-01-09,LAL,Lakers,101,MIL,Bucks,105,0,1,-4,2025-26,2026-01
22500531,2026-01-08,UTAH,Jazz,116,DAL,Mavericks,114,1,0,2,2025-26,2026-01
22500530,2026-01-08,MIN,Timberwolves,131,CLE,Cavaliers,122,1,0,9,2025-26,2026-01
22500528,2026-01-08,CHA,Hornets,112,IND,Pacers,114,0,1,-2,2025-26,2026-01
22500521,2026-01-07,BKN,Nets,103,ORL,Magic,104,0,1,-1,2025-26,2026-01
22500516,2026-01-07,CHA,Hornets,96,TOR,Raptors,97,0,1,-1,2025-26,2026-01
22500517,2026-01-07,DET,Pistons,108,CHI,Bulls,93,1,0,15,2025-26,2026-01
22500518,2026-01-07,PHI,76ers,131,WSH,Wizards,110,1,0,21,2025-26,2026-01
22500519,2026-01-07,ATL,Hawks,117,NO,Pelicans,100,1,0,17,2025-26,2026-01
22500520,2026-01-07,BOS,Celtics,110,DEN,Nuggets,114,0,1,-4,2025-26,2026-01
22500524,2026-01-07,MEM,Grizzlies,98,PHX,Suns,117,0,1,-19,2025-26,2026-01
22500522,2026-01-07,NY,Knicks,123,LAC,Clippers,111,1,0,12,2025-26,2026-01
22500523,2026-01-07,SA,Spurs,107,LAL,Lakers,91,1,0,16,2025-26,2026-01
22500525,2026-01-07,OKC,Thunder,129,UTAH,Jazz,125,1,0,4,2025-26,2026-01
22500526,2026-01-07,GS,Warriors,120,MIL,Bucks,113,1,0,7,2025-26,2026-01
22500527,2026-01-07,POR,Trail Blazers,103,HOU,Rockets,102,1,0,1,2025-26,2026-01
22500513,2026-01-06,MIN,Timberwolves,122,MIA,Heat,94,1,0,28,2025-26,2026-01
22500511,2026-01-06,WSH,Wizards,120,ORL,Magic,112,1,0,8,2025-26,2026-01
22500512,2026-01-06,MEM,Grizzlies,106,SA,Spurs,105,1,0,1,2025-26,2026-01
22500510,2026-01-06,IND,Pacers,116,CLE,Cavaliers,120,0,1,-4,2025-26,2026-01
22500514,2026-01-06,NO,Pelicans,103,LAL,Lakers,111,0,1,-8,2025-26,2026-01
22500515,2026-01-06,SAC,Kings,98,DAL,Mavericks,100,0,1,-2,2025-26,2026-01
22500509,2026-01-05,POR,Trail Blazers,137,UTAH,Jazz,117,1,0,20,2025-26,2026-01
22500508,2026-01-05,LAC,Clippers,103,GS,Warriors,102,1,0,1,2025-26,2026-01
22500507,2026-01-05,PHI,76ers,124,DEN,Nuggets,125,0,1,-1,2025-26,2026-01
22500506,2026-01-05,OKC,Thunder,97,CHA,Hornets,124,0,1,-27,2025-26,2026-01
22500505,2026-01-05,HOU,Rockets,100,PHX,Suns,97,1,0,3,2025-26,2026-01
22500504,2026-01-05,TOR,Raptors,118,ATL,Hawks,100,1,0,18,2025-26,2026-01
22500503,2026-01-05,BOS,Celtics,115,CHI,Bulls,101,1,0,14,2025-26,2026-01
22500502,2026-01-05,DET,Pistons,121,NY,Knicks,90,1,0,31,2025-26,2026-01
22500497,2026-01-04,MIA,Heat,125,NO,Pelicans,106,1,0,19,2025-26,2026-01
22500494,2026-01-04,CLE,Cavaliers,110,DET,Pistons,114,0,1,-4,2025-26,2026-01
22500495,2026-01-04,ORL,Magic,135,IND,Pacers,127,1,0,8,2025-26,2026-01
22500496,2026-01-04,BKN,Nets,127,DEN,Nuggets,115,1,0,12,2025-26,2026-01
22500501,2026-01-04,LAL,Lakers,120,MEM,Grizzlies,114,1,0,6,2025-26,2026-01
22500498,2026-01-04,WSH,Wizards,115,MIN,Timberwolves,141,0,1,-26,2025-26,2026-01
22500499,2026-01-04,PHX,Suns,108,OKC,Thunder,105,1,0,3,2025-26,2026-01
22500500,2026-01-04,SAC,Kings,98,MIL,Bucks,115,0,1,-17,2025-26,2026-01
22500493,2026-01-03,LAC,Clippers,115,BOS,Celtics,146,0,1,-31,2025-26,2026-01
22500492,2026-01-03,GS,Warriors,123,UTAH,Jazz,114,1,0,9,2025-26,2026-01
22500491,2026-01-03,DAL,Mavericks,110,HOU,Rockets,104,1,0,6,2025-26,2026-01
22500490,2026-01-03,SA,Spurs,110,POR,Trail Blazers,115,0,1,-5,2025-26,2026-01
22500489,2026-01-03,CHI,Bulls,99,CHA,Hornets,112,0,1,-13,2025-26,2026-01
22500488,2026-01-03,TOR,Raptors,134,ATL,Hawks,117,1,0,17,2025-26,2026-01
22500487,2026-01-03,NY,Knicks,119,PHI,76ers,130,0,1,-11,2025-26,2026-01
22500486,2026-01-03,MIA,Heat,115,MIN,Timberwolves,125,0,1,-10,2025-26,2026-01
22500480,2026-01-02,CHI,Bulls,121,ORL,Magic,114,1,0,7,2025-26,2026-01
22500476,2026-01-02,IND,Pacers,113,SA,Spurs,123,0,1,-10,2025-26,2026-01
22500477,2026-01-02,WSH,Wizards,119,BKN,Nets,99,1,0,20,2025-26,2026-01
22500478,2026-01-02,CLE,Cavaliers,113,DEN,Nuggets,108,1,0,5,2025-26,2026-01
22500479,2026-01-02,NY,Knicks,99,ATL,Hawks,111,0,1,-12,2025-26,2026-01
22500484,2026-01-02,GS,Warriors,94,OKC,Thunder,131,0,1,-37,2025-26,2026-01
22500481,2026-01-02,MIL,Bucks,122,CHA,Hornets,121,1,0,1,2025-26,2026-01
22500483,2026-01-02,PHX,Suns,129,SAC,Kings,102,1,0,27,2025-26,2026-01
22500482,2026-01-02,NO,Pelicans,109,POR,Trail Blazers,122,0,1,-13,2025-26,2026-01
22500485,2026-01-02,LAL,Lakers,128,MEM,Grizzlies,121,1,0,7,2025-26,2026-01
22500475,2026-01-01,LAC,Clippers,118,UTAH,Jazz,101,1,0,17,2025-26,2026-01
22500474,2026-01-01,SAC,Kings,106,BOS,Celtics,120,0,1,-14,2025-26,2026-01
22500473,2026-01-01,DAL,Mavericks,108,PHI,76ers,123,0,1,-15,2025-26,2026-01
22500472,2026-01-01,DET,Pistons,112,MIA,Heat,118,0,1,-6,2025-26,2026-01
22500471,2026-01-01,BKN,Nets,96,HOU,Rockets,120,0,1,-24,2025-26,2026-01
22500466,2025-12-31,CHI,Bulls,134,NO,Pelicans,118,1,0,16,2025-26,2025-12
22500462,2025-12-31,CHA,Hornets,125,GS,Warriors,132,0,1,-7,2025-26,2025-12
22500463,2025-12-31,ATL,Hawks,126,MIN,Timberwolves,102,1,0,24,2025-26,2025-12
22500464,2025-12-31,IND,Pacers,110,ORL,Magic,112,0,1,-2,2025-26,2025-12
22500465,2025-12-31,CLE,Cavaliers,129,PHX,Suns,113,1,0,16,2025-26,2025-12
22500470,2025-12-31,OKC,Thunder,124,POR,Trail Blazers,95,1,0,29,2025-26,2025-12
22500467,2025-12-31,SA,Spurs,134,NY,Knicks,132,1,0,2,2025-26,2025-12
22500468,2025-12-31,TOR,Raptors,103,DEN,Nuggets,106,0,1,-3,2025-26,2025-12
22500469,2025-12-31,MIL,Bucks,113,WSH,Wizards,114,0,1,-1,2025-26,2025-12
22500460,2025-12-30,LAL,Lakers,106,DET,Pistons,128,0,1,-22,2025-26,2025-12
22500459,2025-12-30,UTAH,Jazz,119,BOS,Celtics,129,0,1,-10,2025-26,2025-12
22500458,2025-12-30,MEM,Grizzlies,136,PHI,76ers,139,0,1,-3,2025-26,2025-12
22500461,2025-12-30,LAC,Clippers,131,SAC,Kings,90,1,0,41,2025-26,2025-12
22500452,2025-12-29,CHI,Bulls,101,MIN,Timberwolves,136,0,1,-35,2025-26,2025-12
22500447,2025-12-29,CHA,Hornets,113,MIL,Bucks,123,0,1,-10,2025-26,2025-12
22500449,2025-12-29,BKN,Nets,107,GS,Warriors,120,0,1,-13,2025-26,2025-12
22500450,2025-12-29,MIA,Heat,147,DEN,Nuggets,123,1,0,24,2025-26,2025-12
22500451,2025-12-29,TOR,Raptors,107,ORL,Magic,106,1,0,1,2025-26,2025-12
22500448,2025-12-29,WSH,Wizards,101,PHX,Suns,115,0,1,-14,2025-26,2025-12
22500453,2025-12-29,HOU,Rockets,126,IND,Pacers,119,1,0,7,2025-26,2025-12
22500454,2025-12-29,NO,Pelicans,125,NY,Knicks,130,0,1,-5,2025-26,2025-12
22500455,2025-12-29,OKC,Thunder,140,ATL,Hawks,129,1,0,11,2025-26,2025-12
22500456,2025-12-29,SA,Spurs,101,CLE,Cavaliers,113,0,1,-12,2025-26,2025-12
22500457,2025-12-29,POR,Trail Blazers,125,DAL,Mavericks,122,1,0,3,2025-26,2025-12
22500446,2025-12-28,LAL,Lakers,125,SAC,Kings,101,1,0,24,2025-26,2025-12
22500445,2025-12-28,LAC,Clippers,112,DET,Pistons,99,1,0,13,2025-26,2025-12
22500444,2025-12-28,POR,Trail Blazers,114,BOS,Celtics,108,1,0,6,2025-26,2025-12
22500443,2025-12-28,WSH,Wizards,116,MEM,Grizzlies,112,1,0,4,2025-26,2025-12
22500442,2025-12-28,OKC,Thunder,129,PHI,76ers,104,1,0,25,2025-26,2025-12
22500441,2025-12-28,TOR,Raptors,141,GS,Warriors,127,1,0,14,2025-26,2025-12
22500436,2025-12-27,MIA,Heat,142,IND,Pacers,116,1,0,26,2025-26,2025-12
22500432,2025-12-27,SAC,Kings,113,DAL,Mavericks,107,1,0,6,2025-26,2025-12
22500433,2025-12-27,ORL,Magic,127,DEN,Nuggets,126,1,0,1,2025-26,2025-12
22500434,2025-12-27,NO,Pelicans,114,PHX,Suns,123,0,1,-9,2025-26,2025-12
22500435,2025-12-27,ATL,Hawks,125,NY,Knicks,128,0,1,-3,2025-26,2025-12
22500440,2025-12-27,SA,Spurs,114,UTAH,Jazz,127,0,1,-13,2025-26,2025-12
22500437,2025-12-27,CHI,Bulls,103,MIL,Bucks,112,0,1,-9,2025-26,2025-12
22500439,2025-12-27,MIN,Timberwolves,107,BKN,Nets,123,0,1,-16,2025-26,2025-12
22500438,2025-12-27,HOU,Rockets,117,CLE,Cavaliers,100,1,0,17,2025-26,2025-12
22500431,2025-12-26,POR,Trail Blazers,103,LAC,Clippers,119,0,1,-16,2025-26,2025-12
22500430,2025-12-26,UTAH,Jazz,131,DET,Pistons,129,1,0,2,2025-26,2025-12
22500429,2025-12-26,NO,Pelicans,108,PHX,Suns,115,0,1,-7,2025-26,2025-12
22500428,2025-12-26,MEM,Grizzlies,125,MIL,Bucks,104,1,0,21,2025-26,2025-12
22500427,2025-12-26,CHI,Bulls,109,PHI,76ers,102,1,0,7,2025-26,2025-12
22500426,2025-12-26,IND,Pacers,122,BOS,Celtics,140,0,1,-18,2025-26,2025-12
22500425,2025-12-26,WSH,Wizards,138,TOR,Raptors,117,1,0,21,2025-26,2025-12
22500424,2025-12-26,ORL,Magic,105,CHA,Hornets,120,0,1,-15,2025-26,2025-12
22500423,2025-12-26,ATL,Hawks,111,MIA,Heat,126,0,1,-15,2025-26,2025-12
22500011,2025-12-25,GS,Warriors,126,DAL,Mavericks,116,1,0,10,2025-26,2025-12
22500010,2025-12-25,OKC,Thunder,102,SA,Spurs,117,0,1,-15,2025-26,2025-12
22500009,2025-12-25,NY,Knicks,126,CLE,Cavaliers,124,1,0,2,2025-26,2025-12
22500012,2025-12-25,LAL,Lakers,96,HOU,Rockets,119,0,1,-23,2025-26,2025-12
22500013,2025-12-25,DEN,Nuggets,142,MIN,Timberwolves,138,1,0,4,2025-26,2025-12
22500416,2025-12-23,MIN,Timberwolves,115,NY,Knicks,104,1,0,11,2025-26,2025-12
22500409,2025-12-23,CHA,Hornets,126,WSH,Wizards,109,1,0,17,2025-26,2025-12
22500410,2025-12-23,PHI,76ers,106,BKN,Nets,114,0,1,-8,2025-26,2025-12
22500411,2025-12-23,ATL,Hawks,123,CHI,Bulls,126,0,1,-3,2025-26,2025-12
22500412,2025-12-23,CLE,Cavaliers,141,NO,Pelicans,118,1,0,23,2025-26,2025-12
22500413,2025-12-23,IND,Pacers,94,MIL,Bucks,111,0,1,-17,2025-26,2025-12
22500414,2025-12-23,MIA,Heat,91,TOR,Raptors,112,0,1,-21,2025-26,2025-12
22500415,2025-12-23,DAL,Mavericks,131,DEN,Nuggets,130,1,0,1,2025-26,2025-12
22500417,2025-12-23,SA,Spurs,130,OKC,Thunder,110,1,0,20,2025-26,2025-12
22500418,2025-12-23,PHX,Suns,132,LAL,Lakers,108,1,0,24,2025-26,2025-12
22500419,2025-12-23,UTAH,Jazz,128,MEM,Grizzlies,137,0,1,-9,2025-26,2025-12
22500420,2025-12-23,POR,Trail Blazers,106,ORL,Magic,110,0,1,-4,2025-26,2025-12
22500421,2025-12-23,SAC,Kings,127,DET,Pistons,136,0,1,-9,2025-26,2025-12
22500422,2025-12-23,LAC,Clippers,128,HOU,Rockets,108,1,0,20,2025-26,2025-12
22500404,2025-12-22,NO,Pelicans,119,DAL,Mavericks,113,1,0,6,2025-26,2025-12
22500402,2025-12-22,CLE,Cavaliers,139,CHA,Hornets,132,1,0,7,2025-26,2025-12
22500403,2025-12-22,BOS,Celtics,103,IND,Pacers,95,1,0,8,2025-26,2025-12
22500406,2025-12-22,OKC,Thunder,119,MEM,Grizzlies,103,1,0,16,2025-26,2025-12
22500407,2025-12-22,GS,Warriors,120,ORL,Magic,97,1,0,23,2025-26,2025-12
22500405,2025-12-22,DEN,Nuggets,135,UTAH,Jazz,112,1,0,23,2025-26,2025-12
22500408,2025-12-22,POR,Trail Blazers,102,DET,Pistons,110,0,1,-8,2025-26,2025-12
22500401,2025-12-21,SAC,Kings,125,HOU,Rockets,124,1,0,1,2025-26,2025-12
22500400,2025-12-21,MIN,Timberwolves,103,MIL,Bucks,100,1,0,3,2025-26,2025-12
22500399,2025-12-21,WSH,Wizards,113,SA,Spurs,124,0,1,-11,2025-26,2025-12
22500398,2025-12-21,NY,Knicks,132,MIA,Heat,125,1,0,7,2025-26,2025-12
22500397,2025-12-21,BKN,Nets,96,TOR,Raptors,81,1,0,15,2025-26,2025-12
22500396,2025-12-21,ATL,Hawks,150,CHI,Bulls,152,0,1,-2,2025-26,2025-12
22500390,2025-12-20,DET,Pistons,112,CHA,Hornets,86,1,0,26,2025-26,2025-12
22500386,2025-12-20,DEN,Nuggets,101,HOU,Rockets,115,0,1,-14,2025-26,2025-12
22500387,2025-12-20,PHI,76ers,121,DAL,Mavericks,114,1,0,7,2025-26,2025-12
22500388,2025-12-20,TOR,Raptors,96,BOS,Celtics,112,0,1,-16,2025-26,2025-12
22500389,2025-12-20,NO,Pelicans,128,IND,Pacers,109,1,0,19,2025-26,2025-12
22500394,2025-12-20,SAC,Kings,93,POR,Trail Blazers,98,0,1,-5,2025-26,2025-12
22500391,2025-12-20,MEM,Grizzlies,122,WSH,Wizards,130,0,1,-8,2025-26,2025-12
22500392,2025-12-20,GS,Warriors,119,PHX,Suns,116,1,0,3,2025-26,2025-12
22500393,2025-12-20,UTAH,Jazz,127,ORL,Magic,128,0,1,-1,2025-26,2025-12
22500395,2025-12-20,LAC,Clippers,103,LAL,Lakers,88,1,0,15,2025-26,2025-12
22500383,2025-12-19,ATL,Hawks,98,SA,Spurs,126,0,1,-28,2025-26,2025-12
22500381,2025-12-19,BOS,Celtics,129,MIA,Heat,116,1,0,13,2025-26,2025-12
22500382,2025-12-19,NY,Knicks,107,PHI,76ers,116,0,1,-9,2025-26,2025-12
22500384,2025-12-19,CLE,Cavaliers,125,CHI,Bulls,136,0,1,-11,2025-26,2025-12
22500385,2025-12-19,MIN,Timberwolves,112,OKC,Thunder,107,1,0,5,2025-26,2025-12
22500373,2025-12-18,BKN,Nets,95,MIA,Heat,106,0,1,-11,2025-26,2025-12
22500380,2025-12-18,POR,Trail Blazers,134,SAC,Kings,133,1,0,1,2025-26,2025-12
22500379,2025-12-18,UTAH,Jazz,135,LAL,Lakers,143,0,1,-8,2025-26,2025-12
22500378,2025-12-18,PHX,Suns,99,GS,Warriors,98,1,0,1,2025-26,2025-12
22500377,2025-12-18,DEN,Nuggets,126,ORL,Magic,115,1,0,11,2025-26,2025-12
22500376,2025-12-18,DAL,Mavericks,116,DET,Pistons,114,1,0,2,2025-26,2025-12
22500375,2025-12-18,NO,Pelicans,133,HOU,Rockets,128,1,0,5,2025-26,2025-12
22500374,2025-12-18,MIL,Bucks,105,TOR,Raptors,111,0,1,-6,2025-26,2025-12
22500372,2025-12-18,IND,Pacers,113,NY,Knicks,114,0,1,-1,2025-26,2025-12
22500371,2025-12-18,CHA,Hornets,133,ATL,Hawks,126,1,0,7,2025-26,2025-12
22500370,2025-12-18,SA,Spurs,119,WSH,Wizards,94,1,0,25,2025-26,2025-12
22500369,2025-12-18,OKC,Thunder,122,LAC,Clippers,101,1,0,21,2025-26,2025-12
22500368,2025-12-17,MIN,Timberwolves,110,MEM,Grizzlies,116,0,1,-6,2025-26,2025-12
22500367,2025-12-17,CHI,Bulls,127,CLE,Cavaliers,111,1,0,16,2025-26,2025-12
62500001,2025-12-16,NY,Knicks,124,SA,Spurs,113,1,0,11,2025-26,2025-12
22501224,2025-12-15,UTAH,Jazz,140,DAL,Mavericks,133,1,0,7,2025-26,2025-12
22501222,2025-12-15,BOS,Celtics,105,DET,Pistons,112,0,1,-7,2025-26,2025-12
22501225,2025-12-15,DEN,Nuggets,128,HOU,Rockets,125,1,0,3,2025-26,2025-12
22501226,2025-12-15,LAC,Clippers,103,MEM,Grizzlies,121,0,1,-18,2025-26,2025-12
22501227,2025-12-15,MIA,Heat,96,TOR,Raptors,106,0,1,-10,2025-26,2025-12
22501220,2025-12-14,MIN,Timberwolves,117,SAC,Kings,103,1,0,14,2025-26,2025-12
22501217,2025-12-14,ATL,Hawks,120,PHI,76ers,117,1,0,3,2025-26,2025-12
22501218,2025-12-14,CLE,Cavaliers,111,CHA,Hornets,119,0,1,-8,2025-26,2025-12
22501219,2025-12-14,BKN,Nets,127,MIL,Bucks,82,1,0,45,2025-26,2025-12
22501216,2025-12-14,IND,Pacers,89,WSH,Wizards,108,0,1,-19,2025-26,2025-12
22501221,2025-12-14,POR,Trail Blazers,136,GS,Warriors,131,1,0,5,2025-26,2025-12
22501223,2025-12-14,CHI,Bulls,104,NO,Pelicans,114,0,1,-10,2025-26,2025-12
22501228,2025-12-14,PHX,Suns,114,LAL,Lakers,116,0,1,-2,2025-26,2025-12
22501230,2025-12-13,OKC,Thunder,109,SA,Spurs,111,0,1,-2,2025-26,2025-12
22501229,2025-12-13,ORL,Magic,120,NY,Knicks,132,0,1,-12,2025-26,2025-12
22501215,2025-12-12,GS,Warriors,120,MIN,Timberwolves,127,0,1,-7,2025-26,2025-12
22501214,2025-12-12,DAL,Mavericks,119,BKN,Nets,111,1,0,8,2025-26,2025-12
22501213,2025-12-12,MEM,Grizzlies,126,UTAH,Jazz,130,0,1,-4,2025-26,2025-12
22501212,2025-12-12,WSH,Wizards,126,CLE,Cavaliers,130,0,1,-4,2025-26,2025-12
22501211,2025-12-12,PHI,76ers,115,IND,Pacers,105,1,0,10,2025-26,2025-12
22501210,2025-12-12,DET,Pistons,142,ATL,Hawks,115,1,0,27,2025-26,2025-12
22501209,2025-12-12,CHA,Hornets,126,CHI,Bulls,129,0,1,-3,2025-26,2025-12
22501206,2025-12-11,MIL,Bucks,116,BOS,Celtics,101,1,0,15,2025-26,2025-12
22501205,2025-12-11,HOU,Rockets,115,LAC,Clippers,113,1,0,2,2025-26,2025-12
22501208,2025-12-11,SAC,Kings,105,DEN,Nuggets,136,0,1,-31,2025-26,2025-12
22501207,2025-12-11,NO,Pelicans,143,POR,Trail Blazers,120,1,0,23,2025-26,2025-12
22501204,2025-12-10,LAL,Lakers,119,SA,Spurs,132,0,1,-13,2025-26,2025-12
22501203,2025-12-10,OKC,Thunder,138,PHX,Suns,89,1,0,49,2025-26,2025-12
22501202,2025-12-09,TOR,Raptors,101,NY,Knicks,117,0,1,-16,2025-26,2025-12
22501201,2025-12-09,ORL,Magic,117,MIA,Heat,108,1,0,9,2025-26,2025-12
22500366,2025-12-08,NO,Pelicans,132,SA,Spurs,135,0,1,-3,2025-26,2025-12
22500365,2025-12-08,MIN,Timberwolves,105,PHX,Suns,108,0,1,-3,2025-26,2025-12
22500364,2025-12-08,IND,Pacers,116,SAC,Kings,105,1,0,11,2025-26,2025-12
22500363,2025-12-07,UTAH,Jazz,101,OKC,Thunder,131,0,1,-30,2025-26,2025-12
22500362,2025-12-07,PHI,76ers,108,LAL,Lakers,112,0,1,-4,2025-26,2025-12
22500361,2025-12-07,CHI,Bulls,91,GS,Warriors,123,0,1,-32,2025-26,2025-12
22500360,2025-12-07,MEM,Grizzlies,119,POR,Trail Blazers,96,1,0,23,2025-26,2025-12
22500359,2025-12-07,CHA,Hornets,106,DEN,Nuggets,115,0,1,-9,2025-26,2025-12
22500358,2025-12-07,TOR,Raptors,113,BOS,Celtics,121,0,1,-8,2025-26,2025-12
22500357,2025-12-07,NY,Knicks,106,ORL,Magic,100,1,0,6,2025-26,2025-12
22500351,2025-12-06,WSH,Wizards,116,ATL,Hawks,131,0,1,-15,2025-26,2025-12
22500353,2025-12-06,DET,Pistons,124,MIL,Bucks,112,1,0,12,2025-26,2025-12
22500350,2025-12-06,BKN,Nets,119,NO,Pelicans,101,1,0,18,2025-26,2025-12
22500352,2025-12-06,CLE,Cavaliers,94,GS,Warriors,99,0,1,-5,2025-26,2025-12
22500354,2025-12-06,MIA,Heat,111,SAC,Kings,127,0,1,-16,2025-26,2025-12
22500356,2025-12-06,DAL,Mavericks,122,HOU,Rockets,109,1,0,13,2025-26,2025-12
22500355,2025-12-06,MIN,Timberwolves,109,LAC,Clippers,106,1,0,3,2025-26,2025-12
22500349,2025-12-05,OKC,Thunder,132,DAL,Mavericks,111,1,0,21,2025-26,2025-12
22500348,2025-12-05,MIL,Bucks,101,PHI,76ers,116,0,1,-15,2025-26,2025-12
22500347,2025-12-05,MEM,Grizzlies,107,LAC,Clippers,98,1,0,9,2025-26,2025-12
22500346,2025-12-05,HOU,Rockets,117,PHX,Suns,98,1,0,19,2025-26,2025-12
22500345,2025-12-05,CHI,Bulls,105,IND,Pacers,120,0,1,-15,2025-26,2025-12
22500344,2025-12-05,TOR,Raptors,86,CHA,Hornets,111,0,1,-25,2025-26,2025-12
22500343,2025-12-05,NY,Knicks,146,UTAH,Jazz,112,1,0,34,2025-26,2025-12
22500342,2025-12-05,DET,Pistons,122,POR,Trail Blazers,116,1,0,6,2025-26,2025-12
22500341,2025-12-05,CLE,Cavaliers,130,SA,Spurs,117,1,0,13,2025-26,2025-12
22500340,2025-12-05,ATL,Hawks,133,DEN,Nuggets,134,0,1,-1,2025-26,2025-12
22500339,2025-12-05,ORL,Magic,106,MIA,Heat,105,1,0,1,2025-26,2025-12
22500338,2025-12-05,BOS,Celtics,126,LAL,Lakers,105,1,0,21,2025-26,2025-12
22500333,2025-12-04,PHI,76ers,99,GS,Warriors,98,1,0,1,2025-26,2025-12
22500335,2025-12-04,BKN,Nets,110,UTAH,Jazz,123,0,1,-13,2025-26,2025-12
22500334,2025-12-04,WSH,Wizards,101,BOS,Celtics,146,0,1,-45,2025-26,2025-12
22500336,2025-12-04,TOR,Raptors,120,LAL,Lakers,123,0,1,-3,2025-26,2025-12
22500337,2025-12-04,NO,Pelicans,116,MIN,Timberwolves,125,0,1,-9,2025-26,2025-12
22500328,2025-12-03,NY,Knicks,119,CHA,Hornets,104,1,0,15,2025-26,2025-12
22500324,2025-12-03,CLE,Cavaliers,110,POR,Trail Blazers,122,0,1,-12,2025-26,2025-12
22500325,2025-12-03,IND,Pacers,120,DEN,Nuggets,135,0,1,-15,2025-26,2025-12
22500327,2025-12-03,ATL,Hawks,92,LAC,Clippers,115,0,1,-23,2025-26,2025-12
22500326,2025-12-03,ORL,Magic,112,SA,Spurs,114,0,1,-2,2025-26,2025-12
22500329,2025-12-03,CHI,Bulls,103,BKN,Nets,113,0,1,-10,2025-26,2025-12
22500330,2025-12-03,HOU,Rockets,121,SAC,Kings,95,1,0,26,2025-26,2025-12
22500331,2025-12-03,MIL,Bucks,113,DET,Pistons,109,1,0,4,2025-26,2025-12
22500332,2025-12-03,DAL,Mavericks,118,MIA,Heat,108,1,0,10,2025-26,2025-12
22500323,2025-12-02,GS,Warriors,112,OKC,Thunder,124,0,1,-12,2025-26,2025-12
22500322,2025-12-02,SA,Spurs,126,MEM,Grizzlies,119,1,0,7,2025-26,2025-12
22500321,2025-12-02,NO,Pelicans,142,MIN,Timberwolves,149,0,1,-7,2025-26,2025-12
22500320,2025-12-02,BOS,Celtics,123,NY,Knicks,117,1,0,6,2025-26,2025-12
22500319,2025-12-02,TOR,Raptors,121,POR,Trail Blazers,118,1,0,3,2025-26,2025-12
22500318,2025-12-02,PHI,76ers,121,WSH,Wizards,102,1,0,19,2025-26,2025-12
22500310,2025-12-01,IND,Pacers,119,CLE,Cavaliers,135,0,1,-16,2025-26,2025-12
22500311,2025-12-01,WSH,Wizards,129,MIL,Bucks,126,1,0,3,2025-26,2025-12
22500313,2025-12-01,MIA,Heat,140,LAC,Clippers,123,1,0,17,2025-26,2025-12
22500309,2025-12-01,DET,Pistons,99,ATL,Hawks,98,1,0,1,2025-26,2025-12
22500312,2025-12-01,BKN,Nets,116,CHA,Hornets,103,1,0,13,2025-26,2025-12
22500315,2025-12-01,DEN,Nuggets,121,DAL,Mavericks,131,0,1,-10,2025-26,2025-12
22500314,2025-12-01,ORL,Magic,125,CHI,Bulls,120,1,0,5,2025-26,2025-12
22500316,2025-12-01,UTAH,Jazz,133,HOU,Rockets,125,1,0,8,2025-26,2025-12
22500317,2025-12-01,LAL,Lakers,108,PHX,Suns,125,0,1,-17,2025-26,2025-12
22500308,2025-11-30,LAL,Lakers,133,NO,Pelicans,121,1,0,12,2025-26,2025-11
22500307,2025-11-30,SAC,Kings,107,MEM,Grizzlies,115,0,1,-8,2025-26,2025-11
22500306,2025-11-30,MIN,Timberwolves,125,SA,Spurs,112,1,0,13,2025-26,2025-11
22500305,2025-11-30,POR,Trail Blazers,115,OKC,Thunder,123,0,1,-8,2025-26,2025-11
22500304,2025-11-30,PHI,76ers,134,ATL,Hawks,142,0,1,-8,2025-26,2025-11
22500303,2025-11-30,NY,Knicks,116,TOR,Raptors,94,1,0,22,2025-26,2025-11
22500302,2025-11-30,CLE,Cavaliers,115,BOS,Celtics,117,0,1,-2,2025-26,2025-11
22500301,2025-11-30,UTAH,Jazz,101,HOU,Rockets,129,0,1,-28,2025-26,2025-11
22500297,2025-11-29,MIL,Bucks,116,BKN,Nets,99,1,0,17,2025-26,2025-11
22500293,2025-11-29,MIN,Timberwolves,119,BOS,Celtics,115,1,0,4,2025-26,2025-11
22500294,2025-11-29,CHA,Hornets,118,TOR,Raptors,111,1,0,7,2025-26,2025-11
22500296,2025-11-29,MIA,Heat,135,DET,Pistons,138,0,1,-3,2025-26,2025-11
22500295,2025-11-29,IND,Pacers,103,CHI,Bulls,101,1,0,2,2025-26,2025-11
22500298,2025-11-29,GS,Warriors,104,NO,Pelicans,96,1,0,8,2025-26,2025-11
22500299,2025-11-29,PHX,Suns,112,DEN,Nuggets,130,0,1,-18,2025-26,2025-11
22500300,2025-11-29,LAC,Clippers,110,DAL,Mavericks,114,0,1,-4,2025-26,2025-11
22500073,2025-11-28,IND,Pacers,119,WSH,Wizards,86,1,0,33,2025-26,2025-11
22500069,2025-11-28,ATL,Hawks,130,CLE,Cavaliers,123,1,0,7,2025-26,2025-11
22500070,2025-11-28,BKN,Nets,103,PHI,76ers,115,0,1,-12,2025-26,2025-11
22500071,2025-11-28,CHA,Hornets,123,CHI,Bulls,116,1,0,7,2025-26,2025-11
22500072,2025-11-28,DET,Pistons,109,ORL,Magic,112,0,1,-3,2025-26,2025-11
22500074,2025-11-28,NY,Knicks,118,MIL,Bucks,109,1,0,9,2025-26,2025-11
22500075,2025-11-28,OKC,Thunder,123,PHX,Suns,119,1,0,4,2025-26,2025-11
22500076,2025-11-28,DEN,Nuggets,136,SA,Spurs,139,0,1,-3,2025-26,2025-11
22500077,2025-11-28,UTAH,Jazz,128,SAC,Kings,119,1,0,9,2025-26,2025-11
22500078,2025-11-28,LAL,Lakers,129,DAL,Mavericks,119,1,0,10,2025-26,2025-11
22500079,2025-11-28,LAC,Clippers,107,MEM,Grizzlies,112,0,1,-5,2025-26,2025-11
22500065,2025-11-26,NO,Pelicans,128,MEM,Grizzlies,133,0,1,-5,2025-26,2025-11
22500062,2025-11-26,MIA,Heat,106,MIL,Bucks,103,1,0,3,2025-26,2025-11
22500063,2025-11-26,TOR,Raptors,97,IND,Pacers,95,1,0,2,2025-26,2025-11
22500064,2025-11-26,OKC,Thunder,113,MIN,Timberwolves,105,1,0,8,2025-26,2025-11
22500060,2025-11-26,BOS,Celtics,117,DET,Pistons,114,1,0,3,2025-26,2025-11
22500066,2025-11-26,GS,Warriors,100,HOU,Rockets,104,0,1,-4,2025-26,2025-11
22500067,2025-11-26,POR,Trail Blazers,102,SA,Spurs,115,0,1,-13,2025-26,2025-11
22500068,2025-11-26,SAC,Kings,100,PHX,Suns,112,0,1,-12,2025-26,2025-11
22500061,2025-11-26,CHA,Hornets,101,NY,Knicks,129,0,1,-28,2025-26,2025-11
22500058,2025-11-25,PHI,76ers,103,ORL,Magic,144,0,1,-41,2025-26,2025-11
22500057,2025-11-25,WSH,Wizards,132,ATL,Hawks,113,1,0,19,2025-26,2025-11
22500059,2025-11-25,LAL,Lakers,135,LAC,Clippers,118,1,0,17,2025-26,2025-11
22500292,2025-11-24,SAC,Kings,117,MIN,Timberwolves,112,1,0,5,2025-26,2025-11
22500291,2025-11-24,GS,Warriors,134,UTAH,Jazz,117,1,0,17,2025-26,2025-11
22500290,2025-11-24,PHX,Suns,92,HOU,Rockets,114,0,1,-22,2025-26,2025-11
22500289,2025-11-24,NO,Pelicans,143,CHI,Bulls,130,1,0,13,2025-26,2025-11
22500288,2025-11-24,MIL,Bucks,103,POR,Trail Blazers,115,0,1,-12,2025-26,2025-11
22500287,2025-11-24,MEM,Grizzlies,115,DEN,Nuggets,125,0,1,-10,2025-26,2025-11
22500286,2025-11-24,MIA,Heat,106,DAL,Mavericks,102,1,0,4,2025-26,2025-11
22500285,2025-11-24,BKN,Nets,100,NY,Knicks,113,0,1,-13,2025-26,2025-11
22500284,2025-11-24,TOR,Raptors,110,CLE,Cavaliers,99,1,0,11,2025-26,2025-11
22500283,2025-11-24,IND,Pacers,117,DET,Pistons,122,0,1,-5,2025-26,2025-11
22500278,2025-11-23,CLE,Cavaliers,120,LAC,Clippers,105,1,0,15,2025-26,2025-11
22500275,2025-11-23,PHI,76ers,117,MIA,Heat,127,0,1,-10,2025-26,2025-11
22500276,2025-11-23,ATL,Hawks,113,CHA,Hornets,110,1,0,3,2025-26,2025-11
22500277,2025-11-23,BOS,Celtics,138,ORL,Magic,129,1,0,9,2025-26,2025-11
22500282,2025-11-23,UTAH,Jazz,106,LAL,Lakers,108,0,1,-2,2025-26,2025-11
22500279,2025-11-23,TOR,Raptors,119,BKN,Nets,109,1,0,10,2025-26,2025-11
22500280,2025-11-23,OKC,Thunder,122,POR,Trail Blazers,95,1,0,27,2025-26,2025-11
22500281,2025-11-23,PHX,Suns,111,SA,Spurs,102,1,0,9,2025-26,2025-11
22500271,2025-11-22,CHI,Bulls,121,WSH,Wizards,120,1,0,1,2025-26,2025-11
22500268,2025-11-22,CHA,Hornets,116,LAC,Clippers,131,0,1,-15,2025-26,2025-11
22500269,2025-11-22,ORL,Magic,133,NY,Knicks,121,1,0,12,2025-26,2025-11
22500270,2025-11-22,NO,Pelicans,98,ATL,Hawks,115,0,1,-17,2025-26,2025-11
22500272,2025-11-22,MIL,Bucks,116,DET,Pistons,129,0,1,-13,2025-26,2025-11
22500274,2025-11-22,DEN,Nuggets,123,SAC,Kings,128,0,1,-5,2025-26,2025-11
22500273,2025-11-22,DAL,Mavericks,96,MEM,Grizzlies,102,0,1,-6,2025-26,2025-11
22500049,2025-11-21,BOS,Celtics,105,BKN,Nets,113,0,1,-8,2025-26,2025-11
22500052,2025-11-21,DAL,Mavericks,118,NO,Pelicans,115,1,0,3,2025-26,2025-11
22500048,2025-11-21,CLE,Cavaliers,120,IND,Pacers,109,1,0,11,2025-26,2025-11
22500050,2025-11-21,TOR,Raptors,140,WSH,Wizards,110,1,0,30,2025-26,2025-11
22500051,2025-11-21,CHI,Bulls,107,MIA,Heat,143,0,1,-36,2025-26,2025-11
22500053,2025-11-21,PHX,Suns,114,MIN,Timberwolves,113,1,0,1,2025-26,2025-11
22500054,2025-11-21,HOU,Rockets,109,DEN,Nuggets,112,0,1,-3,2025-26,2025-11
22500055,2025-11-21,UTAH,Jazz,112,OKC,Thunder,144,0,1,-32,2025-26,2025-11
22500056,2025-11-21,GS,Warriors,123,POR,Trail Blazers,127,0,1,-4,2025-26,2025-11
22500267,2025-11-20,SA,Spurs,135,ATL,Hawks,126,1,0,9,2025-26,2025-11
22500266,2025-11-20,MIL,Bucks,114,PHI,76ers,123,0,1,-9,2025-26,2025-11
22500265,2025-11-20,MEM,Grizzlies,137,SAC,Kings,96,1,0,41,2025-26,2025-11
22500264,2025-11-20,ORL,Magic,129,LAC,Clippers,101,1,0,28,2025-26,2025-11
22500256,2025-11-19,IND,Pacers,127,CHA,Hornets,118,1,0,9,2025-26,2025-11
22500257,2025-11-19,MIA,Heat,110,GS,Warriors,96,1,0,14,2025-26,2025-11
22500259,2025-11-19,MIN,Timberwolves,120,WSH,Wizards,109,1,0,11,2025-26,2025-11
22500255,2025-11-19,CLE,Cavaliers,104,HOU,Rockets,114,0,1,-10,2025-26,2025-11
22500258,2025-11-19,PHI,76ers,112,TOR,Raptors,121,0,1,-9,2025-26,2025-11
22500263,2025-11-19,POR,Trail Blazers,121,CHI,Bulls,122,0,1,-1,2025-26,2025-11
22500260,2025-11-19,NO,Pelicans,118,DEN,Nuggets,125,0,1,-7,2025-26,2025-11
22500262,2025-11-19,DAL,Mavericks,111,NY,Knicks,113,0,1,-2,2025-26,2025-11
22500261,2025-11-19,OKC,Thunder,113,SAC,Kings,99,1,0,14,2025-26,2025-11
22500254,2025-11-18,POR,Trail Blazers,110,PHX,Suns,127,0,1,-17,2025-26,2025-11
22500253,2025-11-18,LAL,Lakers,140,UTAH,Jazz,126,1,0,14,2025-26,2025-11
22500252,2025-11-18,SA,Spurs,111,MEM,Grizzlies,101,1,0,10,2025-26,2025-11
22500251,2025-11-18,ATL,Hawks,112,DET,Pistons,120,0,1,-8,2025-26,2025-11
22500250,2025-11-18,BKN,Nets,99,BOS,Celtics,113,0,1,-14,2025-26,2025-11
22500249,2025-11-18,ORL,Magic,121,GS,Warriors,113,1,0,8,2025-26,2025-11
22500245,2025-11-17,TOR,Raptors,110,CHA,Hornets,108,1,0,2,2025-26,2025-11
22500242,2025-11-17,DET,Pistons,127,IND,Pacers,112,1,0,15,2025-26,2025-11
22500243,2025-11-17,PHI,76ers,110,LAC,Clippers,108,1,0,2,2025-26,2025-11
22500244,2025-11-17,MIA,Heat,115,NY,Knicks,113,1,0,2,2025-26,2025-11
22500241,2025-11-17,CLE,Cavaliers,118,MIL,Bucks,106,1,0,12,2025-26,2025-11
22500246,2025-11-17,MIN,Timberwolves,120,DAL,Mavericks,96,1,0,24,2025-26,2025-11
22500248,2025-11-17,DEN,Nuggets,127,CHI,Bulls,130,0,1,-3,2025-26,2025-11
22500247,2025-11-17,NO,Pelicans,109,OKC,Thunder,126,0,1,-17,2025-26,2025-11
22500237,2025-11-16,NO,Pelicans,106,GS,Warriors,124,0,1,-18,2025-26,2025-11
22500233,2025-11-16,BOS,Celtics,121,LAC,Clippers,118,1,0,3,2025-26,2025-11
22500235,2025-11-16,WSH,Wizards,106,BKN,Nets,129,0,1,-23,2025-26,2025-11
22500236,2025-11-16,HOU,Rockets,117,ORL,Magic,113,1,0,4,2025-26,2025-11
22500234,2025-11-16,SA,Spurs,123,SAC,Kings,110,1,0,13,2025-26,2025-11
22500238,2025-11-16,DAL,Mavericks,138,POR,Trail Blazers,133,1,0,5,2025-26,2025-11
22500239,2025-11-16,PHX,Suns,122,ATL,Hawks,124,0,1,-2,2025-26,2025-11
22500240,2025-11-16,UTAH,Jazz,150,CHI,Bulls,147,1,0,3,2025-26,2025-11
22500232,2025-11-15,MIN,Timberwolves,112,DEN,Nuggets,123,0,1,-11,2025-26,2025-11
22500231,2025-11-15,MIL,Bucks,95,LAL,Lakers,119,0,1,-24,2025-26,2025-11
22500230,2025-11-15,IND,Pacers,111,TOR,Raptors,129,0,1,-18,2025-26,2025-11
22500229,2025-11-15,CHA,Hornets,96,OKC,Thunder,109,0,1,-13,2025-26,2025-11
22500228,2025-11-15,CLE,Cavaliers,108,MEM,Grizzlies,100,1,0,8,2025-26,2025-11
22500043,2025-11-14,MIL,Bucks,147,CHA,Hornets,134,1,0,13,2025-26,2025-11
22500039,2025-11-14,NY,Knicks,140,MIA,Heat,132,1,0,8,2025-26,2025-11
22500040,2025-11-14,ORL,Magic,105,BKN,Nets,98,1,0,7,2025-26,2025-11
22500041,2025-11-14,DET,Pistons,114,PHI,76ers,105,1,0,9,2025-26,2025-11
22500042,2025-11-14,HOU,Rockets,140,POR,Trail Blazers,116,1,0,24,2025-26,2025-11
22500044,2025-11-14,MIN,Timberwolves,124,SAC,Kings,110,1,0,14,2025-26,2025-11
22500045,2025-11-14,NO,Pelicans,104,LAL,Lakers,118,0,1,-14,2025-26,2025-11
22500046,2025-11-14,DAL,Mavericks,127,LAC,Clippers,133,0,1,-6,2025-26,2025-11
22500047,2025-11-14,SA,Spurs,108,GS,Warriors,109,0,1,-1,2025-26,2025-11
22500227,2025-11-13,UTAH,Jazz,122,ATL,Hawks,132,0,1,-10,2025-26,2025-11
22500226,2025-11-13,PHX,Suns,133,IND,Pacers,98,1,0,35,2025-26,2025-11
22500225,2025-11-13,CLE,Cavaliers,113,TOR,Raptors,126,0,1,-13,2025-26,2025-11
22500219,2025-11-12,NO,Pelicans,117,POR,Trail Blazers,125,0,1,-8,2025-26,2025-11
22500213,2025-11-12,CHA,Hornets,111,MIL,Bucks,100,1,0,11,2025-26,2025-11
22500215,2025-11-12,NY,Knicks,107,ORL,Magic,124,0,1,-17,2025-26,2025-11
22500216,2025-11-12,BOS,Celtics,131,MEM,Grizzlies,95,1,0,36,2025-26,2025-11
22500217,2025-11-12,MIA,Heat,116,CLE,Cavaliers,130,0,1,-14,2025-26,2025-11
22500218,2025-11-12,HOU,Rockets,135,WSH,Wizards,112,1,0,23,2025-26,2025-11
22500214,2025-11-12,DET,Pistons,124,CHI,Bulls,113,1,0,11,2025-26,2025-11
22500220,2025-11-12,SA,Spurs,120,GS,Warriors,125,0,1,-5,2025-26,2025-11
22500222,2025-11-12,OKC,Thunder,121,LAL,Lakers,92,1,0,29,2025-26,2025-11
22500223,2025-11-12,SAC,Kings,100,ATL,Hawks,133,0,1,-33,2025-26,2025-11
22500221,2025-11-12,DAL,Mavericks,114,PHX,Suns,123,0,1,-9,2025-26,2025-11
22500224,2025-11-12,LAC,Clippers,116,DEN,Nuggets,130,0,1,-14,2025-26,2025-11
22500210,2025-11-11,OKC,Thunder,126,GS,Warriors,102,1,0,24,2025-26,2025-11
22500208,2025-11-11,NY,Knicks,133,MEM,Grizzlies,120,1,0,13,2025-26,2025-11
22500209,2025-11-11,PHI,76ers,102,BOS,Celtics,100,1,0,2,2025-26,2025-11
22500207,2025-11-11,BKN,Nets,109,TOR,Raptors,119,0,1,-10,2025-26,2025-11
22500211,2025-11-11,UTAH,Jazz,152,IND,Pacers,128,1,0,24,2025-26,2025-11
22500212,2025-11-11,SAC,Kings,108,DEN,Nuggets,122,0,1,-14,2025-26,2025-11
22500206,2025-11-10,LAC,Clippers,102,ATL,Hawks,105,0,1,-3,2025-26,2025-11
22500205,2025-11-10,UTAH,Jazz,113,MIN,Timberwolves,120,0,1,-7,2025-26,2025-11
22500204,2025-11-10,PHX,Suns,121,NO,Pelicans,98,1,0,23,2025-26,2025-11
22500203,2025-11-10,DAL,Mavericks,114,MIL,Bucks,116,0,1,-2,2025-26,2025-11
22500202,2025-11-10,CHI,Bulls,117,SA,Spurs,121,0,1,-4,2025-26,2025-11
22500201,2025-11-10,MIA,Heat,140,CLE,Cavaliers,138,1,0,2,2025-26,2025-11
22500200,2025-11-10,ORL,Magic,115,POR,Trail Blazers,112,1,0,3,2025-26,2025-11
22500199,2025-11-10,DET,Pistons,137,WSH,Wizards,135,1,0,2,2025-26,2025-11
22500198,2025-11-10,CHA,Hornets,111,LAL,Lakers,121,0,1,-10,2025-26,2025-11
22500194,2025-11-09,MEM,Grizzlies,100,OKC,Thunder,114,0,1,-14,2025-26,2025-11
22500192,2025-11-09,NY,Knicks,134,BKN,Nets,98,1,0,36,2025-26,2025-11
22500193,2025-11-09,ORL,Magic,107,BOS,Celtics,111,0,1,-4,2025-26,2025-11
22500191,2025-11-09,MIL,Bucks,115,HOU,Rockets,122,0,1,-7,2025-26,2025-11
22500195,2025-11-09,PHI,76ers,108,DET,Pistons,111,0,1,-3,2025-26,2025-11
22500197,2025-11-09,SAC,Kings,117,MIN,Timberwolves,144,0,1,-27,2025-26,2025-11
22500196,2025-11-09,GS,Warriors,114,IND,Pacers,83,1,0,31,2025-26,2025-11
22500190,2025-11-08,LAC,Clippers,103,PHX,Suns,114,0,1,-11,2025-26,2025-11
22500189,2025-11-08,DEN,Nuggets,117,IND,Pacers,100,1,0,17,2025-26,2025-11
22500188,2025-11-08,SA,Spurs,126,NO,Pelicans,119,1,0,7,2025-26,2025-11
22500187,2025-11-08,MIA,Heat,136,POR,Trail Blazers,131,1,0,5,2025-26,2025-11
22500186,2025-11-08,CLE,Cavaliers,128,CHI,Bulls,122,1,0,6,2025-26,2025-11
22500185,2025-11-08,ATL,Hawks,122,LAL,Lakers,102,1,0,20,2025-26,2025-11
22500184,2025-11-08,PHI,76ers,130,TOR,Raptors,120,1,0,10,2025-26,2025-11
22500183,2025-11-08,WSH,Wizards,105,DAL,Mavericks,111,0,1,-6,2025-26,2025-11
22500033,2025-11-07,MIA,Heat,126,CHA,Hornets,108,1,0,18,2025-26,2025-11
22500029,2025-11-07,WSH,Wizards,115,CLE,Cavaliers,148,0,1,-33,2025-26,2025-11
22500030,2025-11-07,ATL,Hawks,97,TOR,Raptors,109,0,1,-12,2025-26,2025-11
22500031,2025-11-07,BKN,Nets,107,DET,Pistons,125,0,1,-18,2025-26,2025-11
22500032,2025-11-07,SA,Spurs,121,HOU,Rockets,110,1,0,11,2025-26,2025-11
22500028,2025-11-07,ORL,Magic,123,BOS,Celtics,110,1,0,13,2025-26,2025-11
22500034,2025-11-07,MEM,Grizzlies,118,DAL,Mavericks,104,1,0,14,2025-26,2025-11
22500036,2025-11-07,MIN,Timberwolves,137,UTAH,Jazz,97,1,0,40,2025-26,2025-11
22500037,2025-11-07,DEN,Nuggets,129,GS,Warriors,104,1,0,25,2025-26,2025-11
22500038,2025-11-07,SAC,Kings,101,OKC,Thunder,132,0,1,-31,2025-26,2025-11
22500035,2025-11-07,MIL,Bucks,126,CHI,Bulls,110,1,0,16,2025-26,2025-11
22500182,2025-11-06,PHX,Suns,115,LAC,Clippers,102,1,0,13,2025-26,2025-11
22500176,2025-11-05,MEM,Grizzlies,109,HOU,Rockets,124,0,1,-15,2025-26,2025-11
22500171,2025-11-05,CLE,Cavaliers,132,PHI,76ers,121,1,0,11,2025-26,2025-11
22500172,2025-11-05,DET,Pistons,114,UTAH,Jazz,103,1,0,11,2025-26,2025-11
22500173,2025-11-05,IND,Pacers,103,BKN,Nets,112,0,1,-9,2025-26,2025-11
22500174,2025-11-05,BOS,Celtics,136,WSH,Wizards,107,1,0,29,2025-26,2025-11
22500175,2025-11-05,NY,Knicks,137,MIN,Timberwolves,114,1,0,23,2025-26,2025-11
22500177,2025-11-05,DAL,Mavericks,99,NO,Pelicans,101,0,1,-2,2025-26,2025-11
22500178,2025-11-05,DEN,Nuggets,122,MIA,Heat,112,1,0,10,2025-26,2025-11
22500179,2025-11-05,LAL,Lakers,118,SA,Spurs,116,1,0,2,2025-26,2025-11
22500180,2025-11-05,POR,Trail Blazers,121,OKC,Thunder,119,1,0,2,2025-26,2025-11
22500181,2025-11-05,SAC,Kings,121,GS,Warriors,116,1,0,5,2025-26,2025-11
22500170,2025-11-04,LAC,Clippers,107,OKC,Thunder,126,0,1,-19,2025-26,2025-11
22500169,2025-11-04,GS,Warriors,118,PHX,Suns,107,1,0,11,2025-26,2025-11
22500168,2025-11-04,NO,Pelicans,116,CHA,Hornets,112,1,0,4,2025-26,2025-11
22500167,2025-11-04,CHI,Bulls,113,PHI,76ers,111,1,0,2,2025-26,2025-11
22500166,2025-11-04,ATL,Hawks,127,ORL,Magic,112,1,0,15,2025-26,2025-11
22500165,2025-11-04,TOR,Raptors,128,MIL,Bucks,100,1,0,28,2025-26,2025-11
22500159,2025-11-03,NY,Knicks,119,WSH,Wizards,102,1,0,17,2025-26,2025-11
22500156,2025-11-03,BKN,Nets,109,MIN,Timberwolves,125,0,1,-16,2025-26,2025-11
22500157,2025-11-03,IND,Pacers,115,MIL,Bucks,117,0,1,-2,2025-26,2025-11
22500158,2025-11-03,BOS,Celtics,103,UTAH,Jazz,105,0,1,-2,2025-26,2025-11
22500160,2025-11-03,HOU,Rockets,110,DAL,Mavericks,102,1,0,8,2025-26,2025-11
22500161,2025-11-03,MEM,Grizzlies,106,DET,Pistons,114,0,1,-8,2025-26,2025-11
22500162,2025-11-03,DEN,Nuggets,130,SAC,Kings,124,1,0,6,2025-26,2025-11
22500163,2025-11-03,POR,Trail Blazers,115,LAL,Lakers,123,0,1,-8,2025-26,2025-11
22500164,2025-11-03,LAC,Clippers,119,MIA,Heat,120,0,1,-1,2025-26,2025-11
22500155,2025-11-02,LAL,Lakers,130,MIA,Heat,120,1,0,10,2025-26,2025-11
22500154,2025-11-02,PHX,Suns,130,SA,Spurs,118,1,0,12,2025-26,2025-11
22500153,2025-11-02,NY,Knicks,128,CHI,Bulls,116,1,0,12,2025-26,2025-11
22500152,2025-11-02,TOR,Raptors,117,MEM,Grizzlies,104,1,0,13,2025-26,2025-11
22500151,2025-11-02,CLE,Cavaliers,117,ATL,Hawks,109,1,0,8,2025-26,2025-11
22500150,2025-11-02,CHA,Hornets,126,UTAH,Jazz,103,1,0,23,2025-26,2025-11
22500149,2025-11-02,BKN,Nets,105,PHI,76ers,129,0,1,-24,2025-26,2025-11
22500148,2025-11-02,OKC,Thunder,137,NO,Pelicans,106,1,0,31,2025-26,2025-11
22500145,2025-11-01,WSH,Wizards,94,ORL,Magic,125,0,1,-31,2025-26,2025-11
22500142,2025-11-01,MIL,Bucks,133,SAC,Kings,135,0,1,-2,2025-26,2025-11
22500144,2025-11-01,IND,Pacers,114,GS,Warriors,109,1,0,5,2025-26,2025-11
22500143,2025-11-01,CHA,Hornets,105,MIN,Timberwolves,122,0,1,-17,2025-26,2025-11
22500146,2025-11-01,BOS,Celtics,101,HOU,Rockets,128,0,1,-27,2025-26,2025-11
22500147,2025-11-01,DET,Pistons,122,DAL,Mavericks,110,1,0,12,2025-26,2025-11
22500024,2025-10-31,MEM,Grizzlies,112,LAL,Lakers,117,0,1,-5,2025-26,2025-10
22500020,2025-10-31,IND,Pacers,108,ATL,Hawks,128,0,1,-20,2025-26,2025-10
22500022,2025-10-31,CLE,Cavaliers,101,TOR,Raptors,112,0,1,-11,2025-26,2025-10
22500023,2025-10-31,CHI,Bulls,135,NY,Knicks,125,1,0,10,2025-26,2025-10
22500021,2025-10-31,PHI,76ers,108,BOS,Celtics,109,0,1,-1,2025-26,2025-10
22500025,2025-10-31,PHX,Suns,118,UTAH,Jazz,96,1,0,22,2025-26,2025-10
22500026,2025-10-31,POR,Trail Blazers,109,DEN,Nuggets,107,1,0,2,2025-26,2025-10
22500027,2025-10-31,LAC,Clippers,126,NO,Pelicans,124,1,0,2,2025-26,2025-10
22500141,2025-10-30,SA,Spurs,107,MIA,Heat,101,1,0,6,2025-26,2025-10
22500140,2025-10-30,OKC,Thunder,127,WSH,Wizards,108,1,0,19,2025-26,2025-10
22500139,2025-10-30,MIL,Bucks,120,GS,Warriors,110,1,0,10,2025-26,2025-10
22500138,2025-10-30,CHA,Hornets,107,ORL,Magic,123,0,1,-16,2025-26,2025-10
22500133,2025-10-29,DAL,Mavericks,107,IND,Pacers,105,1,0,2,2025-26,2025-10
22500128,2025-10-29,BOS,Celtics,125,CLE,Cavaliers,105,1,0,20,2025-26,2025-10
22500129,2025-10-29,DET,Pistons,135,ORL,Magic,116,1,0,19,2025-26,2025-10
22500131,2025-10-29,TOR,Raptors,121,HOU,Rockets,139,0,1,-18,2025-26,2025-10
22500130,2025-10-29,BKN,Nets,112,ATL,Hawks,117,0,1,-5,2025-26,2025-10
22500132,2025-10-29,CHI,Bulls,126,SAC,Kings,113,1,0,13,2025-26,2025-10
22500134,2025-10-29,DEN,Nuggets,122,NO,Pelicans,88,1,0,34,2025-26,2025-10
22500136,2025-10-29,MIN,Timberwolves,115,LAL,Lakers,116,0,1,-1,2025-26,2025-10
22500137,2025-10-29,PHX,Suns,113,MEM,Grizzlies,114,0,1,-1,2025-26,2025-10
22500135,2025-10-29,UTAH,Jazz,134,POR,Trail Blazers,136,0,1,-2,2025-26,2025-10
22500127,2025-10-28,GS,Warriors,98,LAC,Clippers,79,1,0,19,2025-26,2025-10
22500126,2025-10-28,OKC,Thunder,107,SAC,Kings,101,1,0,6,2025-26,2025-10
22500125,2025-10-28,MIL,Bucks,121,NY,Knicks,111,1,0,10,2025-26,2025-10
22500124,2025-10-28,MIA,Heat,144,CHA,Hornets,117,1,0,27,2025-26,2025-10
22500123,2025-10-28,WSH,Wizards,134,PHI,76ers,139,0,1,-5,2025-26,2025-10
22500117,2025-10-27,NO,Pelicans,90,BOS,Celtics,122,0,1,-32,2025-26,2025-10
22500007,2025-10-27,DET,Pistons,95,CLE,Cavaliers,116,0,1,-21,2025-26,2025-10
22500008,2025-10-27,MIN,Timberwolves,114,DEN,Nuggets,127,0,1,-13,2025-26,2025-10
22500115,2025-10-27,CHI,Bulls,128,ATL,Hawks,123,1,0,5,2025-26,2025-10
22500116,2025-10-27,HOU,Rockets,137,BKN,Nets,109,1,0,28,2025-26,2025-10
22500114,2025-10-27,PHI,76ers,136,ORL,Magic,124,1,0,12,2025-26,2025-10
22500118,2025-10-27,SA,Spurs,121,TOR,Raptors,103,1,0,18,2025-26,2025-10
22500119,2025-10-27,DAL,Mavericks,94,OKC,Thunder,101,0,1,-7,2025-26,2025-10
22500120,2025-10-27,UTAH,Jazz,138,PHX,Suns,134,1,0,4,2025-26,2025-10
22500121,2025-10-27,GS,Warriors,131,MEM,Grizzlies,118,1,0,13,2025-26,2025-10
22500122,2025-10-27,LAL,Lakers,108,POR,Trail Blazers,122,0,1,-14,2025-26,2025-10
22500105,2025-10-26,SA,Spurs,118,BKN,Nets,107,1,0,11,2025-26,2025-10
22500106,2025-10-26,DET,Pistons,119,BOS,Celtics,113,1,0,6,2025-26,2025-10
22500107,2025-10-26,CLE,Cavaliers,118,MIL,Bucks,113,1,0,5,2025-26,2025-10
22500108,2025-10-26,MIA,Heat,115,NY,Knicks,107,1,0,8,2025-26,2025-10
22500109,2025-10-26,WSH,Wizards,113,CHA,Hornets,139,0,1,-26,2025-26,2025-10
22500110,2025-10-26,MIN,Timberwolves,114,IND,Pacers,110,1,0,4,2025-26,2025-10
22500111,2025-10-26,DAL,Mavericks,139,TOR,Raptors,129,1,0,10,2025-26,2025-10
22500112,2025-10-26,LAC,Clippers,114,POR,Trail Blazers,107,1,0,7,2025-26,2025-10
22500113,2025-10-26,SAC,Kings,120,LAL,Lakers,127,0,1,-7,2025-26,2025-10
22500104,2025-10-25,DEN,Nuggets,133,PHX,Suns,111,1,0,22,2025-26,2025-10
22500103,2025-10-25,MEM,Grizzlies,128,IND,Pacers,103,1,0,25,2025-26,2025-10
22500102,2025-10-25,PHI,76ers,125,CHA,Hornets,121,1,0,4,2025-26,2025-10
22500101,2025-10-25,ATL,Hawks,100,OKC,Thunder,117,0,1,-17,2025-26,2025-10
22500100,2025-10-25,ORL,Magic,98,CHI,Bulls,110,0,1,-12,2025-26,2025-10
22500092,2025-10-24,TOR,Raptors,116,MIL,Bucks,122,0,1,-6,2025-26,2025-10
22500091,2025-10-24,BKN,Nets,124,CLE,Cavaliers,131,0,1,-7,2025-26,2025-10
22500019,2025-10-24,LAL,Lakers,128,MIN,Timberwolves,110,1,0,18,2025-26,2025-10
22500018,2025-10-24,NY,Knicks,105,BOS,Celtics,95,1,0,10,2025-26,2025-10
22500094,2025-10-24,MEM,Grizzlies,114,MIA,Heat,146,0,1,-32,2025-26,2025-10
22500093,2025-10-24,HOU,Rockets,111,DET,Pistons,115,0,1,-4,2025-26,2025-10
22500090,2025-10-24,ORL,Magic,107,ATL,Hawks,111,0,1,-4,2025-26,2025-10
22500095,2025-10-24,NO,Pelicans,116,SA,Spurs,120,0,1,-4,2025-26,2025-10
22500098,2025-10-24,SAC,Kings,105,UTAH,Jazz,104,1,0,1,2025-26,2025-10
22500099,2025-10-24,LAC,Clippers,129,PHX,Suns,102,1,0,27,2025-26,2025-10
22500096,2025-10-24,DAL,Mavericks,107,WSH,Wizards,117,0,1,-10,2025-26,2025-10
22500097,2025-10-24,POR,Trail Blazers,139,GS,Warriors,119,1,0,20,2025-26,2025-10
22500006,2025-10-23,GS,Warriors,137,DEN,Nuggets,131,1,0,6,2025-26,2025-10
22500005,2025-10-23,IND,Pacers,135,OKC,Thunder,141,0,1,-6,2025-26,2025-10
22500083,2025-10-22,BOS,Celtics,116,PHI,76ers,117,0,1,-1,2025-26,2025-10
22500089,2025-10-22,POR,Trail Blazers,114,MIN,Timberwolves,118,0,1,-4,2025-26,2025-10
22500088,2025-10-22,PHX,Suns,120,SAC,Kings,116,1,0,4,2025-26,2025-10
22500087,2025-10-22,UTAH,Jazz,129,LAC,Clippers,108,1,0,21,2025-26,2025-10
22500086,2025-10-22,MIL,Bucks,133,WSH,Wizards,120,1,0,13,2025-26,2025-10
22500085,2025-10-22,MEM,Grizzlies,128,NO,Pelicans,122,1,0,6,2025-26,2025-10
22500084,2025-10-22,CHI,Bulls,115,DET,Pistons,111,1,0,4,2025-26,2025-10
22500082,2025-10-22,ATL,Hawks,118,TOR,Raptors,138,0,1,-20,2025-26,2025-10
22500081,2025-10-22,ORL,Magic,125,MIA,Heat,121,1,0,4,2025-26,2025-10
22500080,2025-10-22,CHA,Hornets,136,BKN,Nets,117,1,0,19,2025-26,2025-10
22500004,2025-10-22,DAL,Mavericks,92,SA,Spurs,125,0,1,-33,2025-26,2025-10
22500003,2025-10-22,NY,Knicks,119,CLE,Cavaliers,111,1,0,8,2025-26,2025-10
22500001,2025-10-21,OKC,Thunder,125,HOU,Rockets,124,1,0,1,2025-26,2025-10
22500002,2025-10-21,LAL,Lakers,109,GS,Warriors,119,0,1,-10,2025-26,2025-10
12500006,2025-10-17,MIA,Heat,125,MEM,Grizzlies,141,0,1,-16,2025-26,2025-10
12500066,2025-10-17,NY,Knicks,113,CHA,Hornets,108,1,0,5,2025-26,2025-10
12500007,2025-10-17,LAL,Lakers,116,SAC,Kings,117,0,1,-1,2025-26,2025-10
12500065,2025-10-17,TOR,Raptors,119,BKN,Nets,114,1,0,5,2025-26,2025-10
12500071,2025-10-17,PHI,76ers,126,MIN,Timberwolves,110,1,0,16,2025-26,2025-10
12500067,2025-10-17,OKC,Thunder,94,DEN,Nuggets,91,1,0,3,2025-26,2025-10
12500068,2025-10-17,SA,Spurs,133,IND,Pacers,104,1,0,29,2025-26,2025-10
12500069,2025-10-17,GS,Warriors,103,LAC,Clippers,106,0,1,-3,2025-26,2025-10
12500064,2025-10-16,CHI,Bulls,126,MIN,Timberwolves,120,1,0,6,2025-26,2025-10
12500063,2025-10-16,DET,Pistons,119,WSH,Wizards,98,1,0,21,2025-26,2025-10
12500025,2025-10-16,UTAH,Jazz,132,POR,Trail Blazers,129,1,0,3,2025-26,2025-10
12500024,2025-10-16,ATL,Hawks,115,HOU,Rockets,133,0,1,-18,2025-26,2025-10
12500023,2025-10-16,ORL,Magic,132,NO,Pelicans,125,1,0,7,2025-26,2025-10
12500062,2025-10-15,BOS,Celtics,110,TOR,Raptors,108,1,0,2,2025-26,2025-10
12500061,2025-10-15,CHA,Hornets,145,MEM,Grizzlies,116,1,0,29,2025-26,2025-10
12500022,2025-10-15,SAC,Kings,91,LAC,Clippers,109,0,1,-18,2025-26,2025-10
12500005,2025-10-15,LAL,Lakers,94,DAL,Mavericks,121,0,1,-27,2025-26,2025-10
12500058,2025-10-14,MIL,Bucks,112,OKC,Thunder,116,0,1,-4,2025-26,2025-10
12500021,2025-10-14,POR,Trail Blazers,111,GS,Warriors,118,0,1,-7,2025-26,2025-10
12500020,2025-10-14,NO,Pelicans,128,HOU,Rockets,130,0,1,-2,2025-26,2025-10
12500057,2025-10-14,CLE,Cavaliers,118,DET,Pistons,100,1,0,18,2025-26,2025-10
12500059,2025-10-14,DEN,Nuggets,124,CHI,Bulls,117,1,0,7,2025-26,2025-10
12500060,2025-10-14,PHX,Suns,113,LAL,Lakers,104,1,0,9,2025-26,2025-10
12500055,2025-10-13,MIN,Timberwolves,134,GUA,Loong-Lions,74,1,0,60,2025-26,2025-10
12500054,2025-10-13,NY,Knicks,103,WSH,Wizards,120,0,1,-17,2025-26,2025-10
12500053,2025-10-13,IND,Pacers,108,SA,Spurs,124,0,1,-16,2025-26,2025-10
12500019,2025-10-13,ATL,Hawks,119,MIA,Heat,118,1,0,1,2025-26,2025-10
12500056,2025-10-13,UTAH,Jazz,101,DAL,Mavericks,114,0,1,-13,2025-26,2025-10
12500050,2025-10-12,BOS,Celtics,138,CLE,Cavaliers,107,1,0,31,2025-26,2025-10
12500048,2025-10-12,WSH,Wizards,112,TOR,Raptors,113,0,1,-1,2025-26,2025-10
12500004,2025-10-12,LAL,Lakers,126,GS,Warriors,116,1,0,10,2025-26,2025-10
12500013,2025-10-12,PHX,Suns,109,BKN,Nets,111,0,1,-2,2025-26,2025-10
12500051,2025-10-12,CHI,Bulls,121,MIL,Bucks,127,0,1,-6,2025-26,2025-10
12500049,2025-10-12,ORL,Magic,120,MIA,Heat,104,1,0,16,2025-26,2025-10
12500052,2025-10-12,LAC,Clippers,94,DEN,Nuggets,102,0,1,-8,2025-26,2025-10
12500047,2025-10-11,DAL,Mavericks,116,CHA,Hornets,120,0,1,-4,2025-26,2025-10
12500046,2025-10-11,IND,Pacers,116,OKC,Thunder,101,1,0,15,2025-26,2025-10
12500018,2025-10-11,MEM,Grizzlies,116,ATL,Hawks,122,0,1,-6,2025-26,2025-10
12500044,2025-10-10,TOR,Raptors,107,BOS,Celtics,105,1,0,2,2025-26,2025-10
12500012,2025-10-10,BKN,Nets,127,PHX,Suns,132,0,1,-5,2025-26,2025-10
12500017,2025-10-10,POR,Trail Blazers,124,SAC,Kings,123,1,0,1,2025-26,2025-10
12500045,2025-10-10,SA,Spurs,134,UTAH,Jazz,130,1,0,4,2025-26,2025-10
12500070,2025-10-10,PHI,76ers,98,ORL,Magic,128,0,1,-30,2025-26,2025-10
12500043,2025-10-09,LAC,Clippers,142,GUA,Loong-Lions,95,1,0,47,2025-26,2025-10
12500042,2025-10-09,OKC,Thunder,122,CHA,Hornets,116,1,0,6,2025-26,2025-10
12500041,2025-10-09,MIL,Bucks,117,DET,Pistons,111,1,0,6,2025-26,2025-10
12500040,2025-10-09,CHI,Bulls,119,CLE,Cavaliers,112,1,0,7,2025-26,2025-10
12500039,2025-10-09,NY,Knicks,100,MIN,Timberwolves,95,1,0,5,2025-26,2025-10
12500016,2025-10-08,SAC,Kings,122,TOR,Raptors,130,0,1,-8,2025-26,2025-10
12500003,2025-10-08,MIA,Heat,107,SA,Spurs,112,0,1,-5,2025-26,2025-10
12500015,2025-10-08,GS,Warriors,129,POR,Trail Blazers,123,1,0,6,2025-26,2025-10
12500037,2025-10-08,HOU,Rockets,140,UTAH,Jazz,127,1,0,13,2025-26,2025-10
12500038,2025-10-08,MEM,Grizzlies,103,BOS,Celtics,121,0,1,-18,2025-26,2025-10
12500036,2025-10-07,MIN,Timberwolves,134,IND,Pacers,135,0,1,-1,2025-26,2025-10
12500035,2025-10-07,CLE,Cavaliers,117,CHI,Bulls,118,0,1,-1,2025-26,2025-10
12500034,2025-10-06,TOR,Raptors,108,DEN,Nuggets,112,0,1,-4,2025-26,2025-10
12500033,2025-10-06,DAL,Mavericks,106,OKC,Thunder,89,1,0,17,2025-26,2025-10
12500032,2025-10-06,SA,Spurs,119,GUA,Loong-Lions,88,1,0,31,2025-26,2025-10
12500031,2025-10-06,MEM,Grizzlies,112,DET,Pistons,128,0,1,-16,2025-26,2025-10
12500014,2025-10-06,HOU,Rockets,122,ATL,Hawks,113,1,0,9,2025-26,2025-10
12500002,2025-10-06,MIA,Heat,93,MIL,Bucks,103,0,1,-10,2025-26,2025-10
12500029,2025-10-05,CHA,Hornets,114,OKC,Thunder,135,0,1,-21,2025-26,2025-10
12500030,2025-10-05,GS,Warriors,111,LAL,Lakers,103,1,0,8,2025-26,2025-10
12500026,2025-10-04,BKN,Nets,123,HAP,Jerusalem B.C.,88,1,0,35,2025-26,2025-10
12500011,2025-10-04,NO,Pelicans,127,SEM,Phoenix,92,1,0,35,2025-26,2025-10
12500010,2025-10-04,PHI,76ers,104,NY,Knicks,113,0,1,-9,2025-26,2025-10
12500027,2025-10-04,MIA,Heat,118,ORL,Magic,126,0,1,-8,2025-26,2025-10
12500028,2025-10-04,DEN,Nuggets,116,MIN,Timberwolves,126,0,1,-10,2025-26,2025-10
12500009,2025-10-03,NO,Pelicans,107,MEL,United,97,1,0,10,2025-26,2025-10
12500001,2025-10-03,LAL,Lakers,81,PHX,Suns,103,0,1,-22,2025-26,2025-10
12500008,2025-10-02,NY,Knicks,99,PHI,76ers,84,1,0,15,2025-26,2025-10
